entry_date,exit_date,entry_price,exit_price,size,pnl,direction
2025-06-30 09:05:00+00:00,2025-06-30 09:10:00+00:00,3281.624,3282.9,30,-38.28,short
2025-06-30 09:30:00+00:00,2025-06-30 09:35:00+00:00,3279.47,3283.797,30,-129.81,short
2025-06-30 12:20:00+00:00,2025-06-30 12:25:00+00:00,3284.849,3284.39,30,-13.77,long
2025-06-30 19:15:00+00:00,2025-06-30 19:20:00+00:00,3306.15,3304.93,30,-36.6,long
2025-06-30 22:50:00+00:00,2025-06-30 22:55:00+00:00,3311.94,3311.42,30,-15.6,long
2025-07-01 01:40:00+00:00,2025-07-01 01:45:00+00:00,3319.71,3320.37,30,19.8,long
2025-07-01 01:50:00+00:00,2025-07-01 01:55:00+00:00,3316.77,3317.72,30,-28.5,short
2025-07-01 05:10:00+00:00,2025-07-01 05:40:00+00:00,3328.293,3330.13,29,53.27,long
2025-07-01 22:00:00+00:00,2025-07-01 22:05:00+00:00,3339.91,3337.83,29,-60.32,long
2025-07-01 23:00:00+00:00,2025-07-01 23:05:00+00:00,3337.186,3338.12,29,-27.09,short
2025-07-02 00:00:00+00:00,2025-07-02 00:05:00+00:00,3336.94,3342.406,29,-158.51,short
2025-07-02 05:30:00+00:00,2025-07-02 05:55:00+00:00,3339.973,3338.66,29,38.08,short
2025-07-02 07:45:00+00:00,2025-07-02 07:50:00+00:00,3336.263,3335.74,29,-15.17,long
2025-07-02 12:15:00+00:00,2025-07-02 12:25:00+00:00,3346.593,3346.51,29,-2.41,long
2025-07-02 13:45:00+00:00,2025-07-02 14:20:00+00:00,3337.095,3337.86,29,-22.19,short
2025-07-02 23:00:00+00:00,2025-07-02 23:05:00+00:00,3359.08,3357.843,29,35.87,short
2025-07-03 00:00:00+00:00,2025-07-03 00:10:00+00:00,3345.95,3346.19,29,-6.96,short
2025-07-03 05:50:00+00:00,2025-07-03 05:55:00+00:00,3359.953,3359.23,29,-20.97,long
2025-07-03 06:00:00+00:00,2025-07-03 06:05:00+00:00,3363.54,3360.36,29,-92.22,long
2025-07-03 12:10:00+00:00,2025-07-03 12:30:00+00:00,3347.68,3327.965,29,-571.73,long
2025-07-03 12:35:00+00:00,2025-07-03 12:50:00+00:00,3319.99,3321.32,29,-38.57,short
2025-07-03 22:00:00+00:00,2025-07-03 22:05:00+00:00,3324.573,3324.56,29,0.38,short
2025-07-04 07:10:00+00:00,2025-07-04 07:20:00+00:00,3338.913,3339.11,29,-5.71,short
2025-07-04 09:30:00+00:00,2025-07-04 09:45:00+00:00,3334.86,3336.07,29,-35.09,short
2025-07-06 22:00:00+00:00,2025-07-06 22:05:00+00:00,3341.38,3337.87,29,-101.79,long
2025-07-07 01:00:00+00:00,2025-07-07 01:30:00+00:00,3323.323,3313.35,29,289.22,short
2025-07-07 07:10:00+00:00,2025-07-07 07:15:00+00:00,3311.09,3311.38,29,8.41,long
2025-07-07 10:40:00+00:00,2025-07-07 10:45:00+00:00,3298.45,3302.854,30,-132.12,short
2025-07-07 11:05:00+00:00,2025-07-07 11:10:00+00:00,3305.645,3304.59,29,-30.59,long
2025-07-07 12:20:00+00:00,2025-07-07 12:25:00+00:00,3305.326,3302.694,29,-76.33,long
2025-07-07 22:05:00+00:00,2025-07-07 22:10:00+00:00,3342.682,3344.213,29,44.4,long
2025-07-08 01:05:00+00:00,2025-07-08 01:15:00+00:00,3331.56,3331.86,29,-8.7,short
2025-07-08 08:05:00+00:00,2025-07-08 08:10:00+00:00,3328.73,3327.87,29,24.94,short
2025-07-08 11:35:00+00:00,2025-07-08 11:45:00+00:00,3321.4,3322.94,29,-44.66,short
2025-07-08 13:45:00+00:00,2025-07-08 15:00:00+00:00,3316.09,3294.624,29,622.51,short
2025-07-08 23:40:00+00:00,2025-07-08 23:45:00+00:00,3298.066,3300.72,30,-79.62,short
2025-07-09 00:00:00+00:00,2025-07-09 00:05:00+00:00,3306.29,3305.91,30,-11.4,long
2025-07-09 02:50:00+00:00,2025-07-09 02:55:00+00:00,3292.3,3288.175,30,-123.75,long
2025-07-09 05:05:00+00:00,2025-07-09 05:10:00+00:00,3297.53,3296.31,30,-36.6,long
2025-07-09 19:00:00+00:00,2025-07-09 19:25:00+00:00,3315.02,3314.377,29,-18.65,long
2025-07-09 23:00:00+00:00,2025-07-09 23:05:00+00:00,3317.89,3317.68,29,6.09,short
2025-07-10 06:20:00+00:00,2025-07-10 06:25:00+00:00,3324.65,3324.82,29,-4.93,short
2025-07-10 13:00:00+00:00,2025-07-10 13:05:00+00:00,3326.855,3326.02,29,-24.22,long
2025-07-10 13:40:00+00:00,2025-07-10 14:10:00+00:00,3321.11,3318.95,29,62.64,short
2025-07-10 22:00:00+00:00,2025-07-10 22:10:00+00:00,3325.498,3325.29,29,-6.03,long
2025-07-10 23:50:00+00:00,2025-07-10 23:55:00+00:00,3324.94,3323.69,29,36.25,short
2025-07-11 00:30:00+00:00,2025-07-11 00:50:00+00:00,3332.36,3332.15,29,-6.09,long
2025-07-11 05:20:00+00:00,2025-07-11 05:30:00+00:00,3338.79,3337.523,29,-36.74,long
2025-07-11 06:15:00+00:00,2025-07-11 06:35:00+00:00,3341.62,3340.02,29,-46.4,long
2025-07-11 08:50:00+00:00,2025-07-11 09:10:00+00:00,3333.105,3334.593,29,-43.15,short
2025-07-11 13:20:00+00:00,2025-07-11 13:25:00+00:00,3350.91,3353.17,29,-65.54,short
2025-07-13 22:00:00+00:00,2025-07-13 22:05:00+00:00,3360.41,3361.37,29,27.84,long
2025-07-13 22:10:00+00:00,2025-07-13 22:15:00+00:00,3365.95,3365.81,29,-4.06,long
2025-07-13 22:30:00+00:00,2025-07-13 22:40:00+00:00,3367.406,3369.643,29,-64.87,short
2025-07-13 23:20:00+00:00,2025-07-13 23:25:00+00:00,3367.93,3368.43,29,-14.5,short
2025-07-14 07:10:00+00:00,2025-07-14 07:15:00+00:00,3367.56,3370.75,29,-92.51,short
2025-07-14 12:20:00+00:00,2025-07-14 13:10:00+00:00,3359.77,3353.07,29,194.3,short
2025-07-15 00:45:00+00:00,2025-07-15 00:50:00+00:00,3347.33,3346.69,29,-18.56,long
2025-07-15 01:40:00+00:00,2025-07-15 01:45:00+00:00,3346.703,3347.61,29,-26.3,short
2025-07-15 02:05:00+00:00,2025-07-15 02:25:00+00:00,3348.89,3350.13,29,35.96,long
2025-07-15 08:15:00+00:00,2025-07-15 08:30:00+00:00,3358.648,3361.333,29,-77.86,short
2025-07-15 12:20:00+00:00,2025-07-15 12:25:00+00:00,3355.1,3354.35,29,-21.75,long
2025-07-15 12:30:00+00:00,2025-07-15 12:45:00+00:00,3353.173,3354.08,29,-26.3,short
2025-07-15 15:25:00+00:00,2025-07-15 16:25:00+00:00,3334.085,3325.68,29,243.75,short
2025-07-15 22:00:00+00:00,2025-07-15 22:05:00+00:00,3326.08,3327.5,29,41.18,long
2025-07-16 10:55:00+00:00,2025-07-16 11:00:00+00:00,3334.843,3334.565,29,8.06,short
2025-07-16 12:15:00+00:00,2025-07-16 12:20:00+00:00,3334.96,3336.15,29,-34.51,short
2025-07-16 12:30:00+00:00,2025-07-16 12:35:00+00:00,3336.99,3334.84,29,-62.35,long
2025-07-16 14:50:00+00:00,2025-07-16 15:40:00+00:00,3335.346,3360.47,29,728.6,long
2025-07-16 15:55:00+00:00,2025-07-16 16:00:00+00:00,3343.448,3342.713,29,21.31,short
2025-07-16 22:00:00+00:00,2025-07-16 22:05:00+00:00,3350.68,3349.173,29,-43.7,long
2025-07-17 01:30:00+00:00,2025-07-17 01:35:00+00:00,3338.07,3340.91,29,-82.36,short
2025-07-17 06:10:00+00:00,2025-07-17 06:15:00+00:00,3332.997,3333.263,29,-7.71,short
2025-07-17 12:30:00+00:00,2025-07-17 12:35:00+00:00,3317.963,3317.5,30,13.89,short
2025-07-17 22:00:00+00:00,2025-07-17 22:05:00+00:00,3341.3,3340.26,29,-30.16,long
2025-07-17 22:35:00+00:00,2025-07-17 22:40:00+00:00,3342.54,3342.99,29,13.05,long
2025-07-18 01:00:00+00:00,2025-07-18 01:10:00+00:00,3338.943,3339.32,29,-10.93,short
2025-07-18 05:30:00+00:00,2025-07-18 05:35:00+00:00,3335.42,3336.83,29,-40.89,short
2025-07-18 06:10:00+00:00,2025-07-18 06:40:00+00:00,3337.13,3338.51,29,40.02,long
2025-07-18 09:05:00+00:00,2025-07-18 09:10:00+00:00,3351.963,3352.09,29,3.68,long
2025-07-18 12:00:00+00:00,2025-07-18 12:05:00+00:00,3358.17,3357.733,29,-12.67,long
2025-07-18 13:30:00+00:00,2025-07-18 13:50:00+00:00,3356.03,3354.58,29,42.05,short
2025-07-21 01:05:00+00:00,2025-07-21 01:10:00+00:00,3357.25,3356.855,29,-11.45,long
2025-07-21 05:10:00+00:00,2025-07-21 06:00:00+00:00,3362.84,3365.95,29,90.19,long
2025-07-21 13:45:00+00:00,2025-07-21 13:50:00+00:00,3391.08,3389.662,29,-41.12,long
2025-07-21 23:30:00+00:00,2025-07-22 00:15:00+00:00,3399.41,3393.45,29,172.84,short
2025-07-22 12:20:00+00:00,2025-07-22 13:15:00+00:00,3400.016,3411.52,29,333.62,long
2025-07-22 23:10:00+00:00,2025-07-22 23:15:00+00:00,3431.76,3428.59,29,-91.93,long
2025-07-23 00:00:00+00:00,2025-07-23 00:30:00+00:00,3430.786,3430.133,29,-18.94,long
2025-07-23 01:00:00+00:00,2025-07-23 01:10:00+00:00,3424.68,3425.726,29,-30.33,short
2025-07-23 12:20:00+00:00,2025-07-23 12:25:00+00:00,3425.26,3425.742,29,-13.98,short
2025-07-23 13:00:00+00:00,2025-07-23 13:05:00+00:00,3414.24,3415.4,29,-33.64,short
2025-07-23 13:20:00+00:00,2025-07-23 13:40:00+00:00,3411.03,3412.295,29,-36.68,short
2025-07-23 15:55:00+00:00,2025-07-23 16:35:00+00:00,3398.186,3389.87,29,241.16,short
2025-07-24 00:05:00+00:00,2025-07-24 00:10:00+00:00,3389.78,3390.23,29,-13.05,short
2025-07-24 01:05:00+00:00,2025-07-24 01:10:00+00:00,3388.87,3389.805,29,-27.11,short
2025-07-24 02:10:00+00:00,2025-07-24 02:15:00+00:00,3382.09,3387.046,29,-143.72,short
2025-07-24 03:05:00+00:00,2025-07-24 03:10:00+00:00,3377.99,3379.15,29,-33.64,short
2025-07-24 06:30:00+00:00,2025-07-24 06:45:00+00:00,3375.622,3374.72,29,-26.16,long
2025-07-24 12:45:00+00:00,2025-07-24 12:50:00+00:00,3354.27,3354.64,29,-10.73,short
2025-07-24 13:45:00+00:00,2025-07-24 13:50:00+00:00,3371.57,3368.645,29,-84.83,long
2025-07-25 01:05:00+00:00,2025-07-25 01:10:00+00:00,3369.323,3369.993,29,-19.43,short
2025-07-25 08:25:00+00:00,2025-07-25 08:30:00+00:00,3345.385,3347.66,29,-65.97,short
2025-07-25 14:15:00+00:00,2025-07-25 14:20:00+00:00,3336.203,3338.103,29,-55.1,short
2025-07-27 22:00:00+00:00,2025-07-27 22:25:00+00:00,3329.56,3330.537,29,28.33,long
2025-07-28 01:00:00+00:00,2025-07-28 01:10:00+00:00,3336.077,3335.003,29,-31.15,long
2025-07-28 13:30:00+00:00,2025-07-28 13:35:00+00:00,3324.38,3325.89,30,-45.3,short
2025-07-28 13:45:00+00:00,2025-07-28 14:15:00+00:00,3317.7,3308.55,30,274.5,short
2025-07-28 22:00:00+00:00,2025-07-28 22:05:00+00:00,3314.03,3312.4,30,-48.9,long
2025-07-29 00:00:00+00:00,2025-07-29 00:05:00+00:00,3313.565,3310.303,30,-97.86,long
2025-07-29 06:55:00+00:00,2025-07-29 07:00:00+00:00,3316.82,3318.03,30,-36.3,short
2025-07-29 08:00:00+00:00,2025-07-29 08:35:00+00:00,3321.99,3324.98,30,89.7,long
2025-07-29 12:20:00+00:00,2025-07-29 12:25:00+00:00,3322.54,3321.84,30,-21.0,long
2025-07-29 13:30:00+00:00,2025-07-29 13:35:00+00:00,3315.114,3316.82,30,-51.18,short
2025-07-30 00:00:00+00:00,2025-07-30 00:05:00+00:00,3329.95,3328.63,30,-39.6,long
2025-07-30 00:50:00+00:00,2025-07-30 00:55:00+00:00,3329.92,3330.2,29,-8.12,short
2025-07-30 05:25:00+00:00,2025-07-30 05:30:00+00:00,3326.365,3328.27,30,-57.15,short
2025-07-30 07:00:00+00:00,2025-07-30 07:15:00+00:00,3329.537,3330.16,29,18.07,long
2025-07-30 07:20:00+00:00,2025-07-30 07:30:00+00:00,3327.16,3326.566,30,17.82,short
2025-07-30 12:30:00+00:00,2025-07-30 12:35:00+00:00,3323.637,3324.2,30,-16.89,short
2025-07-30 12:50:00+00:00,2025-07-30 13:00:00+00:00,3313.646,3311.59,30,61.68,short
2025-07-30 15:20:00+00:00,2025-07-30 15:25:00+00:00,3293.294,3292.53,30,22.92,short
2025-07-30 18:00:00+00:00,2025-07-30 18:05:00+00:00,3300.46,3301.72,30,37.8,long
2025-07-30 18:30:00+00:00,2025-07-30 19:10:00+00:00,3296.78,3275.27,30,645.3,short
2025-07-31 07:45:00+00:00,2025-07-31 07:50:00+00:00,3306.486,3306.04,30,-13.38,long
2025-07-31 08:15:00+00:00,2025-07-31 08:25:00+00:00,3312.163,3310.478,30,-50.55,long
2025-07-31 12:30:00+00:00,2025-07-31 12:55:00+00:00,3309.19,3307.62,30,-47.1,long
2025-07-31 14:15:00+00:00,2025-07-31 14:40:00+00:00,3297.54,3297.5,30,1.2,short
2025-07-31 22:00:00+00:00,2025-07-31 22:05:00+00:00,3291.55,3291.05,30,-15.0,long
2025-08-01 00:40:00+00:00,2025-08-01 00:45:00+00:00,3292.79,3291.85,30,-28.2,long
2025-08-01 01:50:00+00:00,2025-08-01 01:55:00+00:00,3282.303,3283.67,30,-41.01,short
2025-08-01 02:00:00+00:00,2025-08-01 02:25:00+00:00,3288.68,3289.42,30,22.2,long
2025-08-01 10:50:00+00:00,2025-08-01 10:55:00+00:00,3299.44,3298.23,30,-36.3,long
2025-08-01 12:30:00+00:00,2025-08-01 12:55:00+00:00,3328.05,3341.23,30,395.4,long
2025-08-01 19:30:00+00:00,2025-08-01 19:50:00+00:00,3356.565,3358.41,30,55.35,long
2025-08-03 22:00:00+00:00,2025-08-03 22:05:00+00:00,3364.28,3363.37,29,-26.39,long
2025-08-04 06:10:00+00:00,2025-08-04 06:15:00+00:00,3359.006,3357.82,30,-35.58,long
2025-08-04 10:20:00+00:00,2025-08-04 10:25:00+00:00,3353.43,3356.248,30,-84.54,short
2025-08-04 11:05:00+00:00,2025-08-04 11:35:00+00:00,3361.55,3365.81,29,123.54,long
2025-08-04 13:00:00+00:00,2025-08-04 13:05:00+00:00,3372.19,3371.566,29,-18.1,long
2025-08-04 13:45:00+00:00,2025-08-04 14:00:00+00:00,3381.55,3380.248,29,-37.76,long
2025-08-04 22:00:00+00:00,2025-08-04 22:05:00+00:00,3376.08,3375.52,29,-16.24,long
2025-08-04 23:00:00+00:00,2025-08-04 23:35:00+00:00,3376.93,3377.256,29,9.45,long
2025-08-05 09:50:00+00:00,2025-08-05 10:00:00+00:00,3360.757,3361.06,29,-8.79,short
2025-08-05 10:05:00+00:00,2025-08-05 10:20:00+00:00,3356.82,3357.437,30,-18.51,short
2025-08-05 13:30:00+00:00,2025-08-05 13:45:00+00:00,3375.966,3377.38,29,41.01,long
2025-08-05 14:00:00+00:00,2025-08-05 14:05:00+00:00,3376.28,3374.81,29,-42.63,long
2025-08-06 00:40:00+00:00,2025-08-06 00:50:00+00:00,3382.733,3382.54,29,5.6,short
2025-08-06 01:00:00+00:00,2025-08-06 01:30:00+00:00,3381.423,3378.7,29,78.97,short
2025-08-06 12:50:00+00:00,2025-08-06 12:55:00+00:00,3368.61,3367.423,29,-34.42,long
2025-08-06 13:30:00+00:00,2025-08-06 13:35:00+00:00,3366.683,3366.78,29,-2.81,short
2025-08-06 13:50:00+00:00,2025-08-06 13:55:00+00:00,3373.09,3371.66,29,-41.47,long
2025-08-06 15:40:00+00:00,2025-08-06 16:10:00+00:00,3375.285,3375.45,29,4.78,long
2025-08-06 22:00:00+00:00,2025-08-06 22:10:00+00:00,3372.15,3371.428,29,-20.94,long
2025-08-07 00:00:00+00:00,2025-08-07 00:05:00+00:00,3367.048,3368.05,29,-29.06,short
2025-08-07 05:30:00+00:00,2025-08-07 05:55:00+00:00,3374.82,3375.556,29,-21.34,short
2025-08-07 06:40:00+00:00,2025-08-07 07:45:00+00:00,3385.32,3396.253,29,317.06,long
2025-08-07 08:00:00+00:00,2025-08-07 08:35:00+00:00,3392.24,3377.84,29,417.6,short
2025-08-07 12:30:00+00:00,2025-08-07 12:35:00+00:00,3388.01,3385.396,29,-75.81,long
2025-08-07 14:05:00+00:00,2025-08-07 14:10:00+00:00,3380.629,3390.046,29,-273.09,short
2025-08-07 19:30:00+00:00,2025-08-07 20:10:00+00:00,3396.69,3399.97,29,95.12,long
2025-08-07 20:40:00+00:00,2025-08-07 22:00:00+00:00,3398.89,3402.582,29,-107.07,short
2025-08-07 22:05:00+00:00,2025-08-07 22:30:00+00:00,3401.33,3394.75,29,190.82,short
2025-08-08 07:40:00+00:00,2025-08-08 08:00:00+00:00,3397.98,3401.66,29,106.72,long
2025-08-08 14:05:00+00:00,2025-08-08 14:10:00+00:00,3389.51,3388.08,29,41.47,short
2025-08-08 17:55:00+00:00,2025-08-08 18:00:00+00:00,3380.973,3397.886,29,-490.48,short
2025-08-08 18:05:00+00:00,2025-08-08 18:10:00+00:00,3400.306,3397.67,29,-76.44,long
2025-08-10 22:00:00+00:00,2025-08-10 22:05:00+00:00,3400.7,3397.46,29,-93.96,long
2025-08-11 01:05:00+00:00,2025-08-11 01:10:00+00:00,3371.53,3372.803,29,-36.92,short
2025-08-11 09:20:00+00:00,2025-08-11 09:30:00+00:00,3360.933,3360.51,29,-12.27,long
2025-08-11 12:25:00+00:00,2025-08-11 12:30:00+00:00,3349.146,3350.103,30,-28.71,short
2025-08-11 17:30:00+00:00,2025-08-11 17:35:00+00:00,3342.969,3355.01,30,-361.23,short
2025-08-11 20:45:00+00:00,2025-08-11 22:05:00+00:00,3343.693,3345.03,29,-38.77,short
2025-08-12 01:20:00+00:00,2025-08-12 01:45:00+00:00,3351.633,3351.723,29,-2.61,short
2025-08-12 05:55:00+00:00,2025-08-12 06:00:00+00:00,3354.298,3351.105,29,-92.6,long
2025-08-12 06:15:00+00:00,2025-08-12 06:25:00+00:00,3345.563,3344.9,29,19.23,short
2025-08-12 11:35:00+00:00,2025-08-12 12:00:00+00:00,3343.23,3346.343,29,90.28,long
2025-08-12 12:30:00+00:00,2025-08-12 12:35:00+00:00,3350.475,3348.033,29,-70.82,long
2025-08-12 12:40:00+00:00,2025-08-12 12:55:00+00:00,3349.415,3349.9,29,14.07,long
2025-08-12 13:40:00+00:00,2025-08-12 13:45:00+00:00,3355.07,3350.665,29,-127.75,long
2025-08-12 15:25:00+00:00,2025-08-12 15:30:00+00:00,3354.219,3351.33,29,-83.78,long
2025-08-12 22:00:00+00:00,2025-08-12 22:05:00+00:00,3349.73,3350.037,29,8.9,long
2025-08-13 00:05:00+00:00,2025-08-13 00:10:00+00:00,3347.15,3347.723,29,-16.62,short
2025-08-13 01:20:00+00:00,2025-08-13 01:25:00+00:00,3343.35,3345.585,29,-64.82,short
2025-08-13 12:05:00+00:00,2025-08-13 12:10:00+00:00,3357.003,3357.115,29,-3.25,short
2025-08-13 22:00:00+00:00,2025-08-13 22:05:00+00:00,3357.0,3357.423,29,-12.27,short
2025-08-13 23:00:00+00:00,2025-08-13 23:05:00+00:00,3360.55,3360.298,29,-7.31,long
2025-08-14 00:00:00+00:00,2025-08-14 00:35:00+00:00,3365.42,3371.713,29,182.5,long
2025-08-14 01:20:00+00:00,2025-08-14 01:30:00+00:00,3366.13,3365.473,29,19.05,short
2025-08-14 06:05:00+00:00,2025-08-14 06:10:00+00:00,3359.553,3359.323,29,-6.67,long
2025-08-14 07:00:00+00:00,2025-08-14 07:05:00+00:00,3365.613,3364.433,29,-34.22,long
2025-08-14 07:40:00+00:00,2025-08-14 08:20:00+00:00,3352.56,3347.75,29,139.49,short
2025-08-14 12:30:00+00:00,2025-08-14 12:35:00+00:00,3347.903,3350.23,29,-67.48,short
2025-08-14 12:40:00+00:00,2025-08-14 12:45:00+00:00,3352.9,3351.82,29,-31.32,long
2025-08-14 14:05:00+00:00,2025-08-14 14:10:00+00:00,3336.45,3338.32,29,-54.23,short
2025-08-14 22:00:00+00:00,2025-08-14 22:05:00+00:00,3336.5,3336.58,29,2.32,long
2025-08-15 00:00:00+00:00,2025-08-15 00:05:00+00:00,3332.757,3335.25,30,-74.79,short
2025-08-15 03:30:00+00:00,2025-08-15 03:35:00+00:00,3343.633,3343.165,29,-13.57,long
2025-08-15 05:00:00+00:00,2025-08-15 05:05:00+00:00,3347.99,3346.653,29,-38.77,long
2025-08-15 12:30:00+00:00,2025-08-15 12:50:00+00:00,3338.735,3340.43,29,49.15,long
2025-08-17 22:00:00+00:00,2025-08-17 22:05:00+00:00,3334.593,3333.32,29,36.92,short
2025-08-17 23:10:00+00:00,2025-08-17 23:30:00+00:00,3330.17,3328.44,30,51.9,short
2025-08-19 00:00:00+00:00,2025-08-19 00:05:00+00:00,3329.087,3333.24,30,-124.59,short
2025-08-19 00:10:00+00:00,2025-08-19 00:20:00+00:00,3336.23,3335.943,29,-8.32,long
2025-08-19 01:00:00+00:00,2025-08-19 01:20:00+00:00,3331.93,3333.693,29,-51.13,short
2025-08-19 07:05:00+00:00,2025-08-19 07:10:00+00:00,3340.898,3338.64,29,-65.48,long
2025-08-19 13:05:00+00:00,2025-08-19 13:15:00+00:00,3330.7,3330.27,29,12.47,short
2025-08-20 01:00:00+00:00,2025-08-20 01:10:00+00:00,3313.89,3313.3,30,17.7,short
2025-08-20 12:30:00+00:00,2025-08-20 12:35:00+00:00,3339.266,3340.09,29,23.9,long
2025-08-20 13:40:00+00:00,2025-08-20 13:45:00+00:00,3346.593,3340.933,29,-164.14,long
2025-08-20 22:00:00+00:00,2025-08-20 22:10:00+00:00,3351.02,3350.75,29,-7.83,long
2025-08-21 10:35:00+00:00,2025-08-21 11:15:00+00:00,3333.5,3329.618,29,112.58,short
2025-08-21 12:00:00+00:00,2025-08-21 12:20:00+00:00,3337.753,3338.11,29,10.35,long
2025-08-21 12:30:00+00:00,2025-08-21 12:35:00+00:00,3344.55,3340.93,29,-104.98,long
2025-08-21 13:45:00+00:00,2025-08-21 13:50:00+00:00,3340.353,3338.05,29,66.79,short
2025-08-22 00:20:00+00:00,2025-08-22 00:25:00+00:00,3337.77,3337.56,29,-6.09,long
2025-08-22 01:50:00+00:00,2025-08-22 01:55:00+00:00,3334.24,3333.95,29,8.41,short
2025-08-22 06:20:00+00:00,2025-08-22 06:25:00+00:00,3327.4,3327.34,29,1.74,short
2025-08-22 12:15:00+00:00,2025-08-22 12:20:00+00:00,3329.77,3327.01,29,-80.04,long
2025-08-22 12:30:00+00:00,2025-08-22 12:35:00+00:00,3323.548,3323.64,29,-2.67,short
2025-08-22 14:00:00+00:00,2025-08-22 15:00:00+00:00,3347.99,3377.04,29,842.45,long
2025-08-24 22:00:00+00:00,2025-08-24 22:05:00+00:00,3368.65,3368.5,29,4.35,short
2025-08-25 09:30:00+00:00,2025-08-25 09:35:00+00:00,3364.71,3364.92,29,6.09,long
2025-08-25 23:10:00+00:00,2025-08-25 23:45:00+00:00,3358.48,3352.535,29,172.41,short
2025-08-26 00:00:00+00:00,2025-08-26 01:00:00+00:00,3356.85,3381.29,30,733.2,long
2025-08-26 07:10:00+00:00,2025-08-26 07:30:00+00:00,3371.875,3373.636,30,-52.83,short
2025-08-26 12:55:00+00:00,2025-08-26 13:25:00+00:00,3372.05,3373.61,30,-46.8,short
2025-08-26 22:00:00+00:00,2025-08-26 22:05:00+00:00,3390.55,3391.125,29,-16.67,short
2025-08-27 09:50:00+00:00,2025-08-27 10:40:00+00:00,3378.245,3375.81,29,70.61,short
2025-08-27 16:45:00+00:00,2025-08-27 16:50:00+00:00,3397.345,3395.59,29,-50.89,long
2025-08-27 22:15:00+00:00,2025-08-27 22:20:00+00:00,3396.31,3395.85,29,13.34,short
2025-08-27 23:45:00+00:00,2025-08-27 23:50:00+00:00,3395.693,3396.193,29,-14.5,short
2025-08-28 06:35:00+00:00,2025-08-28 07:05:00+00:00,3393.91,3395.29,29,40.02,long
2025-08-28 12:30:00+00:00,2025-08-28 12:35:00+00:00,3404.065,3401.625,29,70.76,short
2025-08-28 13:05:00+00:00,2025-08-28 13:10:00+00:00,3396.72,3398.22,29,-43.5,short
2025-08-28 22:00:00+00:00,2025-08-28 22:05:00+00:00,3416.294,3416.813,29,-15.05,short
2025-08-29 00:15:00+00:00,2025-08-29 00:45:00+00:00,3415.44,3413.57,29,54.23,short
2025-08-29 07:00:00+00:00,2025-08-29 07:05:00+00:00,3411.69,3410.94,29,-21.75,long
2025-08-29 12:30:00+00:00,2025-08-29 13:05:00+00:00,3411.73,3414.96,29,93.67,long
2025-08-29 13:10:00+00:00,2025-08-29 13:15:00+00:00,3418.702,3418.035,29,-19.34,long
2025-08-29 20:00:00+00:00,2025-08-29 20:05:00+00:00,3447.23,3447.205,29,0.73,short
2025-08-31 22:00:00+00:00,2025-08-31 22:10:00+00:00,3445.882,3445.52,29,10.5,short
2025-09-01 01:40:00+00:00,2025-09-01 02:15:00+00:00,3446.79,3460.001,29,383.12,long
2025-09-01 02:55:00+00:00,2025-09-01 03:00:00+00:00,3483.56,3478.41,29,-149.35,long
2025-09-01 06:55:00+00:00,2025-09-01 07:45:00+00:00,3479.01,3472.755,29,181.4,short
2025-09-01 11:45:00+00:00,2025-09-01 11:50:00+00:00,3467.85,3470.15,29,-66.7,short
2025-09-01 13:05:00+00:00,2025-09-01 13:10:00+00:00,3477.315,3477.392,29,2.23,long
2025-09-01 22:00:00+00:00,2025-09-01 22:05:00+00:00,3475.94,3477.48,29,-44.66,short
2025-09-01 23:20:00+00:00,2025-09-01 23:25:00+00:00,3479.86,3477.52,29,-67.86,long
2025-09-02 00:00:00+00:00,2025-09-02 00:10:00+00:00,3481.202,3480.87,29,-9.63,long
2025-09-02 00:40:00+00:00,2025-09-02 01:00:00+00:00,3480.35,3479.564,29,22.79,short
2025-09-02 01:10:00+00:00,2025-09-02 01:45:00+00:00,3488.92,3493.722,29,139.26,long
2025-09-02 07:50:00+00:00,2025-09-02 07:55:00+00:00,3474.62,3477.05,29,-70.47,short
2025-09-02 12:15:00+00:00,2025-09-02 12:20:00+00:00,3484.839,3483.79,29,30.42,short
2025-09-02 12:30:00+00:00,2025-09-02 12:50:00+00:00,3481.452,3484.98,29,-102.31,short
2025-09-02 13:30:00+00:00,2025-09-02 13:35:00+00:00,3482.62,3485.5,29,-83.52,short
2025-09-02 14:05:00+00:00,2025-09-02 14:10:00+00:00,3497.469,3497.85,29,11.05,long
2025-09-02 19:50:00+00:00,2025-09-02 19:55:00+00:00,3533.52,3536.89,28,-94.36,short
2025-09-03 00:20:00+00:00,2025-09-03 00:25:00+00:00,3543.89,3537.092,28,-190.34,long
2025-09-03 11:10:00+00:00,2025-09-03 11:15:00+00:00,3546.075,3546.13,28,1.54,long
2025-09-03 18:30:00+00:00,2025-09-03 18:50:00+00:00,3570.11,3570.595,28,-13.58,short
2025-09-04 00:05:00+00:00,2025-09-04 00:10:00+00:00,3554.721,3556.76,28,-57.09,short
2025-09-04 02:45:00+00:00,2025-09-04 03:20:00+00:00,3530.822,3528.835,28,55.64,short
2025-09-04 10:05:00+00:00,2025-09-04 10:10:00+00:00,3546.385,3545.14,28,-34.86,long
2025-09-04 13:40:00+00:00,2025-09-04 14:30:00+00:00,3550.861,3541.64,28,258.19,short
2025-09-04 20:35:00+00:00,2025-09-04 20:40:00+00:00,3544.7,3544.98,28,-7.84,short
2025-09-04 23:30:00+00:00,2025-09-05 00:05:00+00:00,3547.481,3551.852,28,122.39,long
2025-09-05 03:05:00+00:00,2025-09-05 03:10:00+00:00,3554.02,3553.76,28,-7.28,long
2025-09-05 07:05:00+00:00,2025-09-05 07:10:00+00:00,3553.24,3550.048,28,-89.38,long
2025-09-05 12:00:00+00:00,2025-09-05 12:05:00+00:00,3551.292,3552.79,28,-41.94,short
2025-09-05 12:25:00+00:00,2025-09-05 12:45:00+00:00,3554.445,3579.75,28,708.54,long
2025-09-05 14:35:00+00:00,2025-09-05 14:40:00+00:00,3576.261,3580.125,28,-108.19,short
2025-09-05 20:00:00+00:00,2025-09-05 20:05:00+00:00,3589.54,3591.304,28,-49.39,short
2025-09-07 22:00:00+00:00,2025-09-07 22:10:00+00:00,3592.1,3590.398,28,-47.66,long
2025-09-07 22:15:00+00:00,2025-09-07 22:20:00+00:00,3593.191,3592.74,28,-12.63,long
2025-09-08 01:05:00+00:00,2025-09-08 01:10:00+00:00,3587.56,3589.44,28,-52.64,short
2025-09-08 10:10:00+00:00,2025-09-08 10:15:00+00:00,3620.805,3618.54,28,-63.42,long
2025-09-08 13:40:00+00:00,2025-09-08 13:55:00+00:00,3631.49,3633.35,28,52.08,long
2025-09-08 22:25:00+00:00,2025-09-08 22:45:00+00:00,3632.14,3630.72,28,39.76,short
2025-09-09 01:05:00+00:00,2025-09-09 01:10:00+00:00,3636.55,3639.69,28,-87.92,short
2025-09-09 02:05:00+00:00,2025-09-09 02:10:00+00:00,3652.94,3650.78,27,-58.32,long
2025-09-09 03:00:00+00:00,2025-09-09 03:05:00+00:00,3650.51,3647.011,27,-94.47,long
2025-09-09 06:00:00+00:00,2025-09-09 06:35:00+00:00,3650.87,3645.25,27,151.74,short
2025-09-09 13:00:00+00:00,2025-09-09 13:05:00+00:00,3652.784,3650.29,27,-67.34,long
2025-09-09 14:00:00+00:00,2025-09-09 14:30:00+00:00,3660.16,3641.8,27,495.72,short
2025-09-09 22:00:00+00:00,2025-09-09 22:15:00+00:00,3627.19,3625.508,28,-47.1,long
2025-09-10 06:40:00+00:00,2025-09-10 06:45:00+00:00,3644.78,3645.14,28,10.08,long
2025-09-10 07:00:00+00:00,2025-09-10 07:05:00+00:00,3646.54,3645.76,28,-21.84,long
2025-09-10 11:00:00+00:00,2025-09-10 11:05:00+00:00,3651.01,3654.51,28,-98.0,short
2025-09-10 12:30:00+00:00,2025-09-10 12:35:00+00:00,3651.96,3650.02,27,-52.38,long
2025-09-10 12:45:00+00:00,2025-09-10 12:55:00+00:00,3644.67,3643.92,28,21.0,short
2025-09-10 15:20:00+00:00,2025-09-10 15:25:00+00:00,3640.255,3644.3,28,-113.26,short
2025-09-11 06:00:00+00:00,2025-09-11 06:55:00+00:00,3626.27,3632.925,28,186.34,long
2025-09-11 09:00:00+00:00,2025-09-11 09:30:00+00:00,3623.26,3619.515,28,104.86,short
2025-09-11 12:20:00+00:00,2025-09-11 12:25:00+00:00,3624.37,3623.15,28,-34.16,long
2025-09-11 12:30:00+00:00,2025-09-11 12:35:00+00:00,3638.95,3638.3,28,-18.2,long
2025-09-11 12:45:00+00:00,2025-09-11 12:50:00+00:00,3631.125,3631.31,28,-5.18,short
2025-09-11 13:15:00+00:00,2025-09-11 13:20:00+00:00,3624.955,3626.995,28,-57.12,short
2025-09-12 01:00:00+00:00,2025-09-12 01:05:00+00:00,3639.84,3640.671,28,23.27,long
2025-09-12 08:10:00+00:00,2025-09-12 08:15:00+00:00,3643.495,3644.051,28,-15.57,short
2025-09-12 09:00:00+00:00,2025-09-12 09:05:00+00:00,3642.431,3639.74,28,-75.35,long
2025-09-12 12:20:00+00:00,2025-09-12 12:30:00+00:00,3643.24,3639.09,28,116.2,short
2025-09-14 22:00:00+00:00,2025-09-14 22:05:00+00:00,3644.62,3644.46,28,-4.48,long
2025-09-15 00:30:00+00:00,2025-09-15 01:25:00+00:00,3635.85,3631.535,28,120.82,short
2025-09-15 13:35:00+00:00,2025-09-15 13:45:00+00:00,3661.6,3660.09,27,-40.77,long
2025-09-15 15:50:00+00:00,2025-09-15 16:00:00+00:00,3677.958,3679.285,27,35.83,long
2025-09-15 16:35:00+00:00,2025-09-15 16:40:00+00:00,3677.72,3678.78,27,-28.62,short
2025-09-15 22:05:00+00:00,2025-09-15 22:10:00+00:00,3676.71,3677.715,27,-27.14,short
2025-09-16 01:00:00+00:00,2025-09-16 01:30:00+00:00,3680.7,3680.64,27,1.62,short
2025-09-16 08:10:00+00:00,2025-09-16 08:15:00+00:00,3695.695,3695.41,27,-7.7,long
2025-09-16 13:20:00+00:00,2025-09-16 14:00:00+00:00,3691.36,3695.48,27,111.24,long
2025-09-16 14:25:00+00:00,2025-09-16 14:35:00+00:00,3692.76,3694.42,27,-44.82,short
2025-09-17 01:25:00+00:00,2025-09-17 01:55:00+00:00,3685.82,3679.46,27,171.72,short
2025-09-17 02:10:00+00:00,2025-09-17 02:15:00+00:00,3681.23,3679.93,27,-35.1,long
2025-09-17 05:00:00+00:00,2025-09-17 05:05:00+00:00,3684.88,3684.84,27,-1.08,long
2025-09-17 07:00:00+00:00,2025-09-17 07:05:00+00:00,3672.96,3675.02,27,-55.62,short
2025-09-17 18:00:00+00:00,2025-09-17 18:10:00+00:00,3691.1,3687.73,27,-90.99,long
2025-09-17 18:35:00+00:00,2025-09-17 19:00:00+00:00,3665.245,3657.46,27,210.19,short
2025-09-18 01:00:00+00:00,2025-09-18 01:40:00+00:00,3660.985,3654.448,28,183.04,short
2025-09-18 05:35:00+00:00,2025-09-18 05:40:00+00:00,3653.04,3654.045,28,-28.14,short
2025-09-18 06:00:00+00:00,2025-09-18 06:25:00+00:00,3644.05,3638.53,28,154.56,short
2025-09-18 12:30:00+00:00,2025-09-18 12:35:00+00:00,3665.409,3669.1,28,-103.35,short
2025-09-18 13:05:00+00:00,2025-09-18 13:10:00+00:00,3658.724,3658.524,28,5.6,short
2025-09-18 13:30:00+00:00,2025-09-18 13:50:00+00:00,3647.315,3635.18,28,339.78,short
2025-09-18 22:00:00+00:00,2025-09-18 22:05:00+00:00,3643.04,3642.18,28,24.08,short
2025-09-19 00:50:00+00:00,2025-09-19 00:55:00+00:00,3640.15,3639.93,28,-6.16,long
2025-09-19 01:00:00+00:00,2025-09-19 01:25:00+00:00,3643.9,3647.5,28,100.8,long
2025-09-19 01:45:00+00:00,2025-09-19 02:00:00+00:00,3641.324,3639.195,28,59.61,short
2025-09-19 05:50:00+00:00,2025-09-19 05:55:00+00:00,3651.81,3652.34,28,-14.84,short
2025-09-19 06:30:00+00:00,2025-09-19 06:35:00+00:00,3645.46,3646.89,28,-40.04,short
2025-09-19 13:00:00+00:00,2025-09-19 13:05:00+00:00,3647.371,3646.03,28,37.55,short
2025-09-19 13:10:00+00:00,2025-09-19 14:05:00+00:00,3653.38,3660.48,28,198.8,long
2025-09-19 17:45:00+00:00,2025-09-19 18:30:00+00:00,3676.76,3681.57,28,134.68,long
2025-09-21 22:00:00+00:00,2025-09-21 22:05:00+00:00,3687.95,3686.78,28,-32.76,long
2025-09-21 22:20:00+00:00,2025-09-21 22:30:00+00:00,3690.785,3690.794,28,0.25,long
2025-09-22 01:00:00+00:00,2025-09-22 01:05:00+00:00,3689.1,3692.34,28,-90.72,short
2025-09-22 06:05:00+00:00,2025-09-22 06:55:00+00:00,3699.71,3714.32,27,394.47,long
2025-09-22 12:20:00+00:00,2025-09-22 12:25:00+00:00,3713.31,3715.26,27,-52.65,short
2025-09-22 13:30:00+00:00,2025-09-22 13:35:00+00:00,3717.35,3719.9,27,-68.85,short
2025-09-22 13:40:00+00:00,2025-09-22 13:50:00+00:00,3717.55,3720.06,27,-67.77,short
2025-09-22 22:50:00+00:00,2025-09-22 22:55:00+00:00,3738.5,3739.954,27,-39.26,short
2025-09-22 23:20:00+00:00,2025-09-22 23:25:00+00:00,3746.47,3746.62,27,4.05,long
2025-09-23 01:00:00+00:00,2025-09-23 01:20:00+00:00,3749.91,3753.2,27,88.83,long
2025-09-23 01:25:00+00:00,2025-09-23 01:30:00+00:00,3749.72,3751.69,27,-53.19,short
2025-09-23 02:10:00+00:00,2025-09-23 02:15:00+00:00,3743.554,3742.005,27,41.82,short
2025-09-23 08:30:00+00:00,2025-09-23 09:35:00+00:00,3764.5,3784.11,27,529.47,long
2025-09-23 16:35:00+00:00,2025-09-23 16:40:00+00:00,3772.139,3773.68,27,-41.61,short
2025-09-23 18:50:00+00:00,2025-09-23 19:25:00+00:00,3768.0,3758.6,27,253.8,short
2025-09-24 00:20:00+00:00,2025-09-24 00:25:00+00:00,3764.98,3763.634,27,-36.34,long
2025-09-24 01:10:00+00:00,2025-09-24 01:40:00+00:00,3763.21,3759.76,27,93.15,short
2025-09-24 09:40:00+00:00,2025-09-24 09:45:00+00:00,3767.62,3767.643,27,0.62,long
2025-09-24 12:20:00+00:00,2025-09-24 12:25:00+00:00,3766.25,3767.57,27,-35.64,short
2025-09-24 14:05:00+00:00,2025-09-24 14:10:00+00:00,3757.76,3759.69,27,-52.11,short
2025-09-25 01:00:00+00:00,2025-09-25 01:20:00+00:00,3746.09,3746.203,27,-3.05,short
2025-09-25 04:30:00+00:00,2025-09-25 04:35:00+00:00,3739.085,3738.38,27,-19.03,long
2025-09-25 06:10:00+00:00,2025-09-25 06:20:00+00:00,3745.84,3745.2,27,-17.28,long
2025-09-25 11:00:00+00:00,2025-09-25 11:20:00+00:00,3750.05,3746.48,27,96.39,short
2025-09-25 12:30:00+00:00,2025-09-25 13:00:00+00:00,3744.469,3739.03,27,146.85,short
2025-09-25 23:15:00+00:00,2025-09-25 23:20:00+00:00,3738.165,3739.994,28,-51.21,short
2025-09-26 06:40:00+00:00,2025-09-26 06:45:00+00:00,3744.79,3745.71,27,-24.84,short
2025-09-26 12:30:00+00:00,2025-09-26 12:35:00+00:00,3753.665,3752.209,27,-39.31,long
2025-09-26 13:05:00+00:00,2025-09-26 13:15:00+00:00,3761.34,3762.214,27,23.6,long
2025-09-26 13:20:00+00:00,2025-09-26 13:25:00+00:00,3755.17,3757.67,27,-67.5,short
2025-09-26 14:00:00+00:00,2025-09-26 14:40:00+00:00,3768.92,3776.415,27,202.36,long
2025-09-26 18:00:00+00:00,2025-09-26 18:30:00+00:00,3778.7,3779.85,27,-31.05,short
2025-09-28 22:00:00+00:00,2025-09-28 22:05:00+00:00,3764.102,3767.194,27,83.48,long
2025-09-29 01:05:00+00:00,2025-09-29 01:15:00+00:00,3777.3,3778.45,27,-31.05,short
2025-09-29 01:20:00+00:00,2025-09-29 01:25:00+00:00,3767.84,3772.594,27,-128.36,short
2025-09-29 13:00:00+00:00,2025-09-29 13:05:00+00:00,3810.155,3813.659,27,-94.61,short
2025-09-30 00:00:00+00:00,2025-09-30 00:05:00+00:00,3835.62,3833.23,27,-64.53,long
2025-09-30 00:10:00+00:00,2025-09-30 00:15:00+00:00,3838.55,3837.32,27,-33.21,long
2025-09-30 01:20:00+00:00,2025-09-30 01:25:00+00:00,3847.309,3844.223,27,-83.32,long
2025-09-30 05:05:00+00:00,2025-09-30 05:10:00+00:00,3864.159,3866.41,27,-60.78,short
2025-09-30 06:50:00+00:00,2025-09-30 08:00:00+00:00,3856.249,3844.24,27,324.24,short
2025-09-30 08:05:00+00:00,2025-09-30 08:10:00+00:00,3835.622,3837.759,27,-57.7,short
2025-09-30 08:35:00+00:00,2025-09-30 08:40:00+00:00,3807.73,3815.51,27,-210.06,short
2025-09-30 09:10:00+00:00,2025-09-30 09:15:00+00:00,3799.638,3801.65,27,-54.32,short
2025-09-30 15:05:00+00:00,2025-09-30 15:35:00+00:00,3835.68,3838.06,27,-64.26,short
2025-10-01 02:10:00+00:00,2025-10-01 02:15:00+00:00,3867.335,3867.979,26,-16.74,short
2025-10-01 02:50:00+00:00,2025-10-01 02:55:00+00:00,3860.82,3863.339,26,-65.49,short
2025-10-01 03:00:00+00:00,2025-10-01 03:05:00+00:00,3859.98,3861.74,26,-45.76,short
2025-10-01 12:15:00+00:00,2025-10-01 12:20:00+00:00,3888.368,3880.905,26,-194.04,long
2025-10-01 14:45:00+00:00,2025-10-01 14:50:00+00:00,3866.54,3870.25,26,-96.46,short
2025-10-01 22:00:00+00:00,2025-10-01 22:30:00+00:00,3864.56,3861.099,26,89.99,short
2025-10-02 02:00:00+00:00,2025-10-02 02:05:00+00:00,3861.525,3865.055,26,-91.78,short
2025-10-02 02:15:00+00:00,2025-10-02 02:20:00+00:00,3866.05,3864.353,26,44.12,short
2025-10-02 06:55:00+00:00,2025-10-02 07:00:00+00:00,3864.09,3867.379,26,-85.51,short
2025-10-02 07:05:00+00:00,2025-10-02 07:20:00+00:00,3871.44,3870.09,26,-35.1,long
2025-10-02 07:25:00+00:00,2025-10-02 07:30:00+00:00,3864.535,3864.883,26,-9.05,short
2025-10-02 12:15:00+00:00,2025-10-02 12:20:00+00:00,3883.24,3882.12,26,29.12,short
2025-10-02 13:35:00+00:00,2025-10-02 13:40:00+00:00,3883.059,3883.23,26,-4.45,short
2025-10-02 13:45:00+00:00,2025-10-02 14:10:00+00:00,3877.513,3871.309,26,161.3,short
2025-10-02 14:35:00+00:00,2025-10-02 14:55:00+00:00,3845.008,3839.869,27,138.75,short
2025-10-03 01:05:00+00:00,2025-10-03 01:35:00+00:00,3858.22,3853.969,26,110.53,short
2025-10-03 05:10:00+00:00,2025-10-03 05:45:00+00:00,3850.659,3856.28,27,151.77,long
2025-10-03 06:05:00+00:00,2025-10-03 06:25:00+00:00,3858.158,3860.66,27,67.55,long
2025-10-03 13:30:00+00:00,2025-10-03 13:35:00+00:00,3884.359,3883.442,26,-23.84,long
2025-10-03 13:45:00+00:00,2025-10-03 13:50:00+00:00,3883.329,3884.29,26,-24.99,short
2025-10-03 14:05:00+00:00,2025-10-03 14:25:00+00:00,3875.591,3879.12,26,-91.75,short
2025-10-05 22:00:00+00:00,2025-10-05 22:05:00+00:00,3888.68,3886.053,26,-68.3,long
2025-10-05 22:10:00+00:00,2025-10-05 22:15:00+00:00,3890.31,3888.94,26,-35.62,long
2025-10-05 22:55:00+00:00,2025-10-05 23:15:00+00:00,3899.228,3908.829,26,249.63,long
2025-10-06 10:05:00+00:00,2025-10-06 10:10:00+00:00,3936.658,3938.602,26,-50.54,short
2025-10-06 12:20:00+00:00,2025-10-06 12:45:00+00:00,3933.45,3934.18,26,-18.98,short
2025-10-06 13:35:00+00:00,2025-10-06 14:00:00+00:00,3938.149,3945.62,26,194.25,long
2025-10-06 16:10:00+00:00,2025-10-06 16:15:00+00:00,3947.93,3950.845,26,-75.79,short
2025-10-06 22:05:00+00:00,2025-10-06 22:30:00+00:00,3964.822,3971.01,26,160.89,long
2025-10-06 22:40:00+00:00,2025-10-06 22:50:00+00:00,3963.45,3966.2,26,-71.5,short
2025-10-07 05:10:00+00:00,2025-10-07 05:15:00+00:00,3965.47,3964.74,26,18.98,short
2025-10-07 11:35:00+00:00,2025-10-07 12:20:00+00:00,3963.367,3966.78,26,88.74,long
2025-10-07 13:30:00+00:00,2025-10-07 13:45:00+00:00,3973.945,3979.215,26,-137.02,short
2025-10-07 15:45:00+00:00,2025-10-07 15:50:00+00:00,3963.487,3964.905,26,-36.87,short
2025-10-07 23:45:00+00:00,2025-10-07 23:50:00+00:00,3995.44,3995.1,26,-8.84,long
2025-10-08 00:30:00+00:00,2025-10-08 00:35:00+00:00,3993.45,3993.545,26,-2.47,short
2025-10-08 01:00:00+00:00,2025-10-08 01:10:00+00:00,3986.698,3988.56,26,-48.41,short
2025-10-08 01:25:00+00:00,2025-10-08 01:35:00+00:00,3993.98,3992.515,26,-38.09,long
2025-10-08 05:40:00+00:00,2025-10-08 05:45:00+00:00,4030.46,4032.35,25,-47.25,short
2025-10-08 18:10:00+00:00,2025-10-08 18:15:00+00:00,4042.44,4043.317,25,-21.92,short
2025-10-08 19:05:00+00:00,2025-10-08 19:10:00+00:00,4033.818,4041.43,25,-190.3,short
2025-10-08 22:00:00+00:00,2025-10-08 22:30:00+00:00,4036.02,4026.01,25,250.25,short
2025-10-09 01:00:00+00:00,2025-10-09 01:05:00+00:00,4008.865,4011.508,26,-68.72,short
2025-10-09 11:00:00+00:00,2025-10-09 11:30:00+00:00,4040.56,4039.47,25,27.25,short
2025-10-09 12:50:00+00:00,2025-10-09 13:15:00+00:00,4050.07,4052.73,25,66.5,long
2025-10-09 13:30:00+00:00,2025-10-09 14:05:00+00:00,4047.837,4027.018,25,520.47,short
2025-10-09 14:20:00+00:00,2025-10-09 14:40:00+00:00,4010.052,4011.86,26,-47.01,short
2025-10-09 16:30:00+00:00,2025-10-09 18:05:00+00:00,3998.49,3958.818,26,1031.47,short
