time,open,high,low,close
2025-09-07T18:00:00-04:00,3586,3593.14,3577.614,3592.1
2025-09-07T18:05:00-04:00,3591.24,3596.791,3590.19,3593.898
2025-09-07T18:10:00-04:00,3594.084,3595.42,3589.32,3590.398
2025-09-07T18:15:00-04:00,3590.571,3594.181,3586.435,3593.191
2025-09-07T18:20:00-04:00,3593.19,3594.671,3591.935,3592.74
2025-09-07T18:25:00-04:00,3592.605,3595.111,3591.75,3593.444
2025-09-07T18:30:00-04:00,3593.215,3595.011,3592.435,3592.9
2025-09-07T18:35:00-04:00,3593.05,3593.191,3589.84,3591.15
2025-09-07T18:40:00-04:00,3591.151,3593.93,3590.945,3592.9
2025-09-07T18:45:00-04:00,3592.9,3593.12,3591.198,3592.78
2025-09-07T18:50:00-04:00,3592.78,3593.88,3590.505,3591.99
2025-09-07T18:55:00-04:00,3592.175,3592.79,3590.868,3592.24
2025-09-07T19:00:00-04:00,3592.044,3593.61,3590.175,3591.01
2025-09-07T19:05:00-04:00,3591.01,3593.52,3590.685,3592.05
2025-09-07T19:10:00-04:00,3591.878,3592.201,3588.245,3588.59
2025-09-07T19:15:00-04:00,3588.631,3590.831,3588.25,3589.884
2025-09-07T19:20:00-04:00,3589.86,3591.14,3589.385,3589.54
2025-09-07T19:25:00-04:00,3589.71,3590.114,3587.375,3589.32
2025-09-07T19:30:00-04:00,3589.51,3591.175,3588.9,3590.464
2025-09-07T19:35:00-04:00,3590.21,3591.324,3589.275,3590.73
2025-09-07T19:40:00-04:00,3590.87,3591.37,3589.485,3591.08
2025-09-07T19:45:00-04:00,3590.6,3592.2,3589.098,3591.56
2025-09-07T19:50:00-04:00,3591.51,3594.02,3591.448,3592.21
2025-09-07T19:55:00-04:00,3592.21,3593.64,3590.625,3590.798
2025-09-07T20:00:00-04:00,3591.02,3591.37,3587.448,3587.96
2025-09-07T20:05:00-04:00,3587.54,3590.76,3586.805,3589.1
2025-09-07T20:10:00-04:00,3589.35,3589.64,3586.575,3589.281
2025-09-07T20:15:00-04:00,3589.195,3590.73,3587.405,3589.255
2025-09-07T20:20:00-04:00,3589.28,3590.86,3587.155,3589.92
2025-09-07T20:25:00-04:00,3589.64,3591.64,3589.305,3589.69
2025-09-07T20:30:00-04:00,3589.691,3589.801,3587.025,3587.59
2025-09-07T20:35:00-04:00,3587.74,3589.74,3587.055,3589.1
2025-09-07T20:40:00-04:00,3589.111,3590.23,3588.495,3590.04
2025-09-07T20:45:00-04:00,3590.04,3590.484,3587.385,3588.72
2025-09-07T20:50:00-04:00,3588.575,3592.66,3588.2,3592.28
2025-09-07T20:55:00-04:00,3592.34,3594.45,3591.77,3594.31
2025-09-07T21:00:00-04:00,3594.31,3597.104,3591.025,3594.9
2025-09-07T21:05:00-04:00,3594.9,3595.52,3587.065,3587.56
2025-09-07T21:10:00-04:00,3587.581,3590.43,3585.275,3589.44
2025-09-07T21:15:00-04:00,3589.415,3589.82,3584.475,3585.38
2025-09-07T21:20:00-04:00,3585.544,3589,3584.525,3588.24
2025-09-07T21:25:00-04:00,3588.115,3590.45,3585.675,3585.85
2025-09-07T21:30:00-04:00,3585.87,3590.11,3585.405,3587.415
2025-09-07T21:35:00-04:00,3587.78,3589.71,3585.665,3587.6
2025-09-07T21:40:00-04:00,3587.601,3589.14,3585.835,3587.42
2025-09-07T21:45:00-04:00,3587.41,3588.54,3586.095,3586.97
2025-09-07T21:50:00-04:00,3586.378,3589.68,3586.375,3588.89
2025-09-07T21:55:00-04:00,3588.811,3591.344,3588.048,3589.45
2025-09-07T22:00:00-04:00,3589.45,3594.4,3588.585,3591.1
2025-09-07T22:05:00-04:00,3591.171,3593.51,3589.48,3590.51
2025-09-07T22:10:00-04:00,3590.35,3590.515,3586.225,3587.77
2025-09-07T22:15:00-04:00,3587.88,3588.701,3586.175,3588.52
2025-09-07T22:20:00-04:00,3588.52,3591.18,3587.715,3590.57
2025-09-07T22:25:00-04:00,3590.56,3591.02,3589.095,3590.04
2025-09-07T22:30:00-04:00,3590.1,3592.5,3588.105,3592.061
2025-09-07T22:35:00-04:00,3592.07,3592.16,3589.185,3590.85
2025-09-07T22:40:00-04:00,3590.92,3591.524,3586.985,3587.34
2025-09-07T22:45:00-04:00,3587.33,3590.09,3586.175,3589.44
2025-09-07T22:50:00-04:00,3589.44,3591.9,3588.448,3589.99
2025-09-07T22:55:00-04:00,3590,3592.56,3589.705,3590.63
2025-09-07T23:00:00-04:00,3590.5,3592.24,3589.71,3591.13
2025-09-07T23:05:00-04:00,3591.13,3591.96,3589.615,3590.41
2025-09-07T23:10:00-04:00,3590.46,3590.57,3586.875,3587.26
2025-09-07T23:15:00-04:00,3587.281,3588.5,3586.165,3588.06
2025-09-07T23:20:00-04:00,3588.02,3588.82,3586.89,3587.5
2025-09-07T23:25:00-04:00,3587.21,3587.7,3584.525,3584.99
2025-09-07T23:30:00-04:00,3584.82,3586.63,3584.075,3586.375
2025-09-07T23:35:00-04:00,3586.48,3587.01,3584.725,3585.73
2025-09-07T23:40:00-04:00,3586.024,3586.43,3583.655,3584.12
2025-09-07T23:45:00-04:00,3584.124,3584.88,3582.815,3583.341
2025-09-07T23:50:00-04:00,3583.34,3584.39,3582.775,3583.661
2025-09-07T23:55:00-04:00,3583.66,3583.94,3582.665,3583.461
2025-09-08T00:00:00-04:00,3583.28,3583.484,3579.365,3583.07
2025-09-08T00:05:00-04:00,3583.33,3583.79,3582.365,3582.92
2025-09-08T00:10:00-04:00,3582.89,3583.23,3581.415,3581.67
2025-09-08T00:15:00-04:00,3581.57,3583.25,3581.275,3583.03
2025-09-08T00:20:00-04:00,3582.89,3584.84,3582.148,3582.53
2025-09-08T00:25:00-04:00,3582.53,3583.83,3582.248,3583.225
2025-09-08T00:30:00-04:00,3583.22,3583.59,3582.015,3582.38
2025-09-08T00:35:00-04:00,3582.59,3582.69,3581.148,3581.43
2025-09-08T00:40:00-04:00,3581.431,3581.66,3580.585,3581.445
2025-09-08T00:45:00-04:00,3581.39,3582.66,3580.748,3582.16
2025-09-08T00:50:00-04:00,3582,3582.66,3581.475,3582.429
2025-09-08T00:55:00-04:00,3582.66,3582.68,3580.675,3581.405
2025-09-08T01:00:00-04:00,3581.575,3583.11,3580.905,3582.97
2025-09-08T01:05:00-04:00,3582.89,3583.87,3582.285,3583.695
2025-09-08T01:10:00-04:00,3583.61,3583.97,3581.645,3582.17
2025-09-08T01:15:00-04:00,3582.115,3583.8,3581.615,3582.94
2025-09-08T01:20:00-04:00,3583.13,3584.06,3582.17,3583.575
2025-09-08T01:25:00-04:00,3583.7,3584.355,3582.435,3582.69
2025-09-08T01:30:00-04:00,3582.69,3584.41,3581.195,3583.811
2025-09-08T01:35:00-04:00,3583.741,3587.7,3583.645,3587.41
2025-09-08T01:40:00-04:00,3587.26,3588.08,3586.3,3587.3
2025-09-08T01:45:00-04:00,3587.3,3589.67,3586.905,3588.58
2025-09-08T01:50:00-04:00,3588.58,3589.895,3587.09,3589.85
2025-09-08T01:55:00-04:00,3589.85,3591.7,3589.7,3591.2
2025-09-08T02:00:00-04:00,3591.07,3592.42,3589.848,3590.51
2025-09-08T02:05:00-04:00,3590.51,3591.9,3589.305,3590.52
2025-09-08T02:10:00-04:00,3590.66,3594.37,3590.53,3594.33
2025-09-08T02:15:00-04:00,3594.225,3594.38,3589.705,3590.72
2025-09-08T02:20:00-04:00,3590.7,3592.835,3590.275,3592.59
2025-09-08T02:25:00-04:00,3592.1,3594.42,3591.805,3594.32
2025-09-08T02:30:00-04:00,3594.34,3595.22,3593.33,3593.72
2025-09-08T02:35:00-04:00,3593.72,3595.822,3593.145,3594.73
2025-09-08T02:40:00-04:00,3595.02,3597.62,3593.6,3597.55
2025-09-08T02:45:00-04:00,3597.45,3598.8,3595.835,3596.48
2025-09-08T02:50:00-04:00,3596.524,3596.92,3594.948,3596.841
2025-09-08T02:55:00-04:00,3596.75,3598.09,3596.085,3597.94
2025-09-08T03:00:00-04:00,3598.001,3600.56,3596.235,3599.96
2025-09-08T03:05:00-04:00,3600.09,3600.57,3597.455,3600.264
2025-09-08T03:10:00-04:00,3600.025,3604.89,3599.965,3604.54
2025-09-08T03:15:00-04:00,3604.46,3609.155,3604.165,3608.411
2025-09-08T03:20:00-04:00,3608.4,3610.191,3605.605,3607.26
2025-09-08T03:25:00-04:00,3607.23,3608.911,3607.01,3608.841
2025-09-08T03:30:00-04:00,3608.89,3612.004,3608.555,3610.68
2025-09-08T03:35:00-04:00,3610.8,3613.471,3609.995,3613.184
2025-09-08T03:40:00-04:00,3613.14,3613.59,3611.165,3612.835
2025-09-08T03:45:00-04:00,3612.951,3613.2,3607.898,3607.898
2025-09-08T03:50:00-04:00,3608.12,3609.41,3606.985,3607.33
2025-09-08T03:55:00-04:00,3607.331,3609.88,3606.025,3609.35
2025-09-08T04:00:00-04:00,3609.444,3610.041,3607.378,3608.775
2025-09-08T04:05:00-04:00,3608.76,3608.9,3606.92,3607.864
2025-09-08T04:10:00-04:00,3607.98,3609.77,3606.99,3608.8
2025-09-08T04:15:00-04:00,3608.93,3613.021,3607.615,3613.021
2025-09-08T04:20:00-04:00,3613,3617.22,3611.64,3614.44
2025-09-08T04:25:00-04:00,3614.38,3614.66,3611.138,3612.611
2025-09-08T04:30:00-04:00,3612.6,3614.73,3611.095,3612.564
2025-09-08T04:35:00-04:00,3612.47,3613.67,3611.045,3613.15
2025-09-08T04:40:00-04:00,3613.15,3614.54,3612.055,3612.51
2025-09-08T04:45:00-04:00,3612.401,3613.621,3611.395,3613.335
2025-09-08T04:50:00-04:00,3613.47,3613.561,3610.945,3611
2025-09-08T04:55:00-04:00,3611.044,3612.27,3609.53,3611.16
2025-09-08T05:00:00-04:00,3611.09,3611.741,3608.34,3611.05
2025-09-08T05:05:00-04:00,3610.995,3613.041,3610.82,3612.3
2025-09-08T05:10:00-04:00,3612.381,3614.011,3611.635,3612.69
2025-09-08T05:15:00-04:00,3612.89,3613.63,3611.75,3612.911
2025-09-08T05:20:00-04:00,3612.92,3614.3,3612.035,3613.38
2025-09-08T05:25:00-04:00,3613.321,3613.67,3610.965,3611.22
2025-09-08T05:30:00-04:00,3611.37,3612.07,3610.098,3611.87
2025-09-08T05:35:00-04:00,3611.87,3613.82,3611.385,3613.68
2025-09-08T05:40:00-04:00,3613.72,3614.811,3613.165,3614.38
2025-09-08T05:45:00-04:00,3614.38,3614.92,3613.575,3614.6
2025-09-08T05:50:00-04:00,3614.47,3614.62,3613.305,3613.99
2025-09-08T05:55:00-04:00,3613.981,3614.94,3613.475,3613.8
2025-09-08T06:00:00-04:00,3613.8,3615.84,3613.595,3615.1
2025-09-08T06:05:00-04:00,3615.1,3615.6,3614.285,3614.85
2025-09-08T06:10:00-04:00,3614.82,3621.061,3614.155,3620.805
2025-09-08T06:15:00-04:00,3620.904,3622.49,3615.965,3618.54
2025-09-08T06:20:00-04:00,3618.405,3618.94,3616.318,3617.561
2025-09-08T06:25:00-04:00,3617.61,3619.13,3616.448,3618.42
2025-09-08T06:30:00-04:00,3618.491,3619.15,3617.12,3617.635
2025-09-08T06:35:00-04:00,3617.625,3618.18,3616.43,3617.36
2025-09-08T06:40:00-04:00,3617.32,3617.84,3615.27,3617.663
2025-09-08T06:45:00-04:00,3617.63,3617.651,3615.195,3616.26
2025-09-08T06:50:00-04:00,3616.181,3616.59,3613.225,3614.12
2025-09-08T06:55:00-04:00,3614.104,3617.34,3613.905,3616.964
2025-09-08T07:00:00-04:00,3617.03,3617.35,3614.525,3615.76
2025-09-08T07:05:00-04:00,3615.76,3616.08,3614.23,3615.895
2025-09-08T07:10:00-04:00,3615.88,3616.27,3614.685,3615.96
2025-09-08T07:15:00-04:00,3615.96,3616.72,3615.565,3616.415
2025-09-08T07:20:00-04:00,3616.45,3617.515,3615.06,3616.25
2025-09-08T07:25:00-04:00,3616.231,3616.92,3615.195,3616.844
2025-09-08T07:30:00-04:00,3616.78,3618.17,3616.275,3616.455
2025-09-08T07:35:00-04:00,3616.295,3617.37,3615.225,3615.425
2025-09-08T07:40:00-04:00,3615.39,3617.05,3612.398,3614.21
2025-09-08T07:45:00-04:00,3614.351,3615.88,3613.155,3615.44
2025-09-08T07:50:00-04:00,3615.484,3618.77,3614.935,3618.395
2025-09-08T07:55:00-04:00,3618.33,3620.02,3617.655,3619.91
2025-09-08T08:00:00-04:00,3619.841,3621.92,3618.895,3621.49
2025-09-08T08:05:00-04:00,3621.27,3621.61,3616.605,3616.89
2025-09-08T08:10:00-04:00,3616.86,3618.29,3615.448,3617.744
2025-09-08T08:15:00-04:00,3617.66,3618.41,3614.875,3616.1
2025-09-08T08:20:00-04:00,3616.13,3617.74,3614.615,3614.91
2025-09-08T08:25:00-04:00,3614.931,3618.4,3614.385,3617.81
2025-09-08T08:30:00-04:00,3617.88,3621.02,3617.305,3618.025
2025-09-08T08:35:00-04:00,3618.26,3619.56,3617.555,3619.1
2025-09-08T08:40:00-04:00,3619.091,3620.59,3618.315,3620.06
2025-09-08T08:45:00-04:00,3620.19,3621.41,3619.41,3620.605
2025-09-08T08:50:00-04:00,3620.57,3624.16,3620.17,3623.765
2025-09-08T08:55:00-04:00,3623.85,3626.03,3623.42,3624.091
2025-09-08T09:00:00-04:00,3624.185,3629.23,3623.765,3625.791
2025-09-08T09:05:00-04:00,3625.791,3629.24,3623.028,3628.641
2025-09-08T09:10:00-04:00,3628.74,3632.004,3627.175,3630.56
2025-09-08T09:15:00-04:00,3630.565,3631.13,3624.519,3625.837
2025-09-08T09:20:00-04:00,3625.455,3627.12,3623.618,3625.36
2025-09-08T09:25:00-04:00,3625.32,3626.84,3623.818,3624.15
2025-09-08T09:30:00-04:00,3623.848,3626.11,3619.968,3625.57
2025-09-08T09:35:00-04:00,3625.551,3627.071,3622.678,3624.12
2025-09-08T09:40:00-04:00,3623.95,3632.05,3622.879,3631.49
2025-09-08T09:45:00-04:00,3631.53,3635.19,3630.638,3633.661
2025-09-08T09:50:00-04:00,3633.68,3636.97,3632.735,3633.204
2025-09-08T09:55:00-04:00,3633.211,3635.08,3628.028,3633.35
2025-09-08T10:00:00-04:00,3633.205,3635.99,3631.275,3634.821
2025-09-08T10:05:00-04:00,3634.8,3637.63,3633.118,3637.25
2025-09-08T10:10:00-04:00,3637.271,3637.68,3633.605,3635.14
2025-09-08T10:15:00-04:00,3634.791,3636.5,3631.705,3632.57
2025-09-08T10:20:00-04:00,3632.51,3633.13,3629.015,3630.77
2025-09-08T10:25:00-04:00,3630.77,3633.25,3629.175,3630.04
2025-09-08T10:30:00-04:00,3629.898,3632.12,3628.635,3631.204
2025-09-08T10:35:00-04:00,3631.005,3635.44,3630.625,3634.57
2025-09-08T10:40:00-04:00,3634.57,3636.8,3634.345,3635.935
2025-09-08T10:45:00-04:00,3636.05,3638.42,3635.62,3637.085
2025-09-08T10:50:00-04:00,3637.23,3639.2,3635.511,3639.01
2025-09-08T10:55:00-04:00,3639.03,3640.92,3638.115,3640.56
2025-09-08T11:00:00-04:00,3640.63,3644.41,3640.155,3644.12
2025-09-08T11:05:00-04:00,3644,3644.7,3640.239,3643.75
2025-09-08T11:10:00-04:00,3643.775,3646.46,3643.485,3645.43
2025-09-08T11:15:00-04:00,3645.44,3645.9,3642.085,3642.415
2025-09-08T11:20:00-04:00,3642.55,3643.81,3640.478,3641.76
2025-09-08T11:25:00-04:00,3641.77,3642.08,3636.015,3636.128
2025-09-08T11:30:00-04:00,3636.49,3638.05,3633.679,3636.528
2025-09-08T11:35:00-04:00,3636.71,3636.88,3632.985,3634.54
2025-09-08T11:40:00-04:00,3634.54,3636.63,3634.205,3636.01
2025-09-08T11:45:00-04:00,3636.03,3639.81,3635.745,3639.69
2025-09-08T11:50:00-04:00,3639.75,3640.54,3638.485,3639.604
2025-09-08T11:55:00-04:00,3639.61,3639.83,3638.53,3639.24
2025-09-08T12:00:00-04:00,3639.32,3639.88,3635.625,3637.899
2025-09-08T12:05:00-04:00,3637.88,3639.964,3637.28,3639.21
2025-09-08T12:10:00-04:00,3639.17,3640.89,3638.005,3639.611
2025-09-08T12:15:00-04:00,3639.58,3641.05,3638.785,3639.86
2025-09-08T12:20:00-04:00,3640.162,3641.32,3637.798,3640.26
2025-09-08T12:25:00-04:00,3640.08,3641.84,3639.698,3640.895
2025-09-08T12:30:00-04:00,3641.01,3641.69,3639.535,3639.91
2025-09-08T12:35:00-04:00,3639.91,3640.51,3636.225,3637.28
2025-09-08T12:40:00-04:00,3636.885,3639.73,3636.045,3639.24
2025-09-08T12:45:00-04:00,3639.24,3640.59,3638.545,3639.01
2025-09-08T12:50:00-04:00,3639.01,3640.98,3638.715,3640.25
2025-09-08T12:55:00-04:00,3640.31,3640.9,3639.048,3640.395
2025-09-08T13:00:00-04:00,3640.56,3641.17,3636.198,3636.63
2025-09-08T13:05:00-04:00,3636.63,3637.01,3633.595,3635.69
2025-09-08T13:10:00-04:00,3635.7,3635.84,3633.7,3634.71
2025-09-08T13:15:00-04:00,3634.735,3636.27,3634.605,3635.751
2025-09-08T13:20:00-04:00,3635.73,3637.02,3634.625,3635.25
2025-09-08T13:25:00-04:00,3635.37,3636.62,3634.798,3636.225
2025-09-08T13:30:00-04:00,3636.311,3637.19,3634.685,3636.59
2025-09-08T13:35:00-04:00,3636.455,3637.03,3635.798,3636.48
2025-09-08T13:40:00-04:00,3636.92,3636.92,3633.659,3634.59
2025-09-08T13:45:00-04:00,3634.602,3635.11,3633.61,3634.671
2025-09-08T13:50:00-04:00,3634.74,3635.56,3633.815,3634.515
2025-09-08T13:55:00-04:00,3634.43,3634.58,3632.375,3633.35
2025-09-08T14:00:00-04:00,3633.371,3633.65,3632.125,3632.82
2025-09-08T14:05:00-04:00,3632.82,3634.67,3631.765,3634.46
2025-09-08T14:10:00-04:00,3634.39,3635.6,3633.525,3633.87
2025-09-08T14:15:00-04:00,3633.99,3634.57,3632.675,3634.375
2025-09-08T14:20:00-04:00,3634.24,3634.56,3633.085,3633.62
2025-09-08T14:25:00-04:00,3633.72,3634.53,3632.875,3633.47
2025-09-08T14:30:00-04:00,3633.47,3633.78,3632.545,3633.56
2025-09-08T14:35:00-04:00,3633.481,3635.33,3632.925,3634.17
2025-09-08T14:40:00-04:00,3634.17,3634.86,3632.945,3634.77
2025-09-08T14:45:00-04:00,3634.7,3635.69,3634.07,3634.891
2025-09-08T14:50:00-04:00,3634.76,3636.22,3634.635,3635.531
2025-09-08T14:55:00-04:00,3635.49,3636.66,3635.025,3636.01
2025-09-08T15:00:00-04:00,3636.02,3636.89,3635.195,3635.5
2025-09-08T15:05:00-04:00,3635.475,3636.64,3634.665,3635.48
2025-09-08T15:10:00-04:00,3635.48,3635.9,3633.695,3634.25
2025-09-08T15:15:00-04:00,3634.32,3634.65,3632.385,3632.76
2025-09-08T15:20:00-04:00,3632.87,3634.401,3632.79,3633.695
2025-09-08T15:25:00-04:00,3633.691,3634.39,3632.715,3633.32
2025-09-08T15:30:00-04:00,3633.42,3634.15,3632.555,3632.87
2025-09-08T15:35:00-04:00,3632.78,3635.84,3632.595,3635.65
2025-09-08T15:40:00-04:00,3635.65,3636.36,3635.179,3635.68
2025-09-08T15:45:00-04:00,3635.68,3636.22,3634.735,3635.47
2025-09-08T15:50:00-04:00,3635.52,3637.25,3635.16,3636.544
2025-09-08T15:55:00-04:00,3636.62,3637.71,3635.805,3636.44
2025-09-08T16:00:00-04:00,3636.48,3638.03,3636.075,3636.7
2025-09-08T16:05:00-04:00,3636.68,3636.93,3635.948,3636.131
2025-09-08T16:10:00-04:00,3636.16,3636.36,3635.148,3635.85
2025-09-08T16:15:00-04:00,3635.98,3636.28,3635.105,3635.52
2025-09-08T16:20:00-04:00,3635.51,3635.96,3635.005,3635.271
2025-09-08T16:25:00-04:00,3635.271,3635.5,3634.345,3634.748
2025-09-08T16:30:00-04:00,3634.84,3636,3634.698,3635.55
2025-09-08T16:35:00-04:00,3635.55,3636.26,3635.32,3636.051
2025-09-08T16:40:00-04:00,3636.05,3637.29,3635.77,3636.97
2025-09-08T16:45:00-04:00,3636.951,3637.32,3636.175,3637.12
2025-09-08T16:50:00-04:00,3637.12,3637.78,3636.555,3636.85
2025-09-08T16:55:00-04:00,3636.66,3637.13,3635.025,3635.495
2025-09-08T18:00:00-04:00,3635.864,3637.34,3633.715,3636.12
2025-09-08T18:05:00-04:00,3636.12,3636.86,3635.168,3636.12
2025-09-08T18:10:00-04:00,3636.12,3636.5,3633.598,3634.26
2025-09-08T18:15:00-04:00,3634.16,3635.21,3633.638,3634.48
2025-09-08T18:20:00-04:00,3634.56,3635.14,3633.495,3634.09
2025-09-08T18:25:00-04:00,3634.03,3634.34,3630.315,3632.14
2025-09-08T18:30:00-04:00,3631.93,3633.22,3628.498,3628.828
2025-09-08T18:35:00-04:00,3629.05,3630.695,3628.658,3629.77
2025-09-08T18:40:00-04:00,3629.7,3630.521,3629.108,3630.4
2025-09-08T18:45:00-04:00,3630.4,3631.304,3629.398,3630.72
2025-09-08T18:50:00-04:00,3630.81,3630.95,3629.765,3630.35
2025-09-08T18:55:00-04:00,3630.23,3630.425,3628.745,3628.948
2025-09-08T19:00:00-04:00,3629.37,3629.935,3628.448,3629.548
2025-09-08T19:05:00-04:00,3629.84,3631.451,3629.148,3631.43
2025-09-08T19:10:00-04:00,3631.14,3631.904,3630.005,3630.42
2025-09-08T19:15:00-04:00,3630.435,3630.915,3627.8,3628.935
2025-09-08T19:20:00-04:00,3628.93,3631.06,3628.55,3630.791
2025-09-08T19:25:00-04:00,3630.791,3631.27,3629.475,3631.14
2025-09-08T19:30:00-04:00,3631.055,3631.87,3630.19,3631.77
2025-09-08T19:35:00-04:00,3631.62,3631.82,3629.84,3630.02
2025-09-08T19:40:00-04:00,3630.2,3630.89,3629.695,3630.72
2025-09-08T19:45:00-04:00,3630.65,3632.13,3630.515,3632.03
2025-09-08T19:50:00-04:00,3632.08,3635.57,3631.865,3634.92
2025-09-08T19:55:00-04:00,3634.92,3636.215,3634.515,3634.86
2025-09-08T20:00:00-04:00,3635.01,3636.79,3633.835,3634.711
2025-09-08T20:05:00-04:00,3634.55,3635.191,3633.26,3633.57
2025-09-08T20:10:00-04:00,3633.56,3637.21,3633.435,3637.07
2025-09-08T20:15:00-04:00,3637.01,3639.37,3636.225,3638.825
2025-09-08T20:20:00-04:00,3638.77,3640.93,3637.655,3639.65
2025-09-08T20:25:00-04:00,3639.76,3639.82,3636.405,3636.68
2025-09-08T20:30:00-04:00,3636.648,3638.21,3636.295,3637.599
2025-09-08T20:35:00-04:00,3637.61,3639.14,3637.315,3638.265
2025-09-08T20:40:00-04:00,3638.39,3638.73,3636.875,3637.73
2025-09-08T20:45:00-04:00,3637.68,3639.53,3637.345,3639.075
2025-09-08T20:50:00-04:00,3639.16,3640.1,3638.3,3639.72
2025-09-08T20:55:00-04:00,3639.764,3640.05,3637.665,3638.37
2025-09-08T21:00:00-04:00,3638.535,3641.851,3637.305,3640.94
2025-09-08T21:05:00-04:00,3641.05,3641.27,3635.955,3636.55
2025-09-08T21:10:00-04:00,3636.56,3639.8,3635.795,3639.69
2025-09-08T21:15:00-04:00,3639.7,3643.15,3637.895,3642.68
2025-09-08T21:20:00-04:00,3642.97,3646.21,3641.705,3642.05
2025-09-08T21:25:00-04:00,3642.004,3644.495,3640.635,3644.495
2025-09-08T21:30:00-04:00,3644.48,3645.24,3642.935,3643.56
2025-09-08T21:35:00-04:00,3643.54,3646.68,3642.205,3644.92
2025-09-08T21:40:00-04:00,3644.851,3645.76,3642.995,3643.87
2025-09-08T21:45:00-04:00,3643.8,3647.444,3643.375,3646.7
2025-09-08T21:50:00-04:00,3646.75,3646.995,3644.335,3644.998
2025-09-08T21:55:00-04:00,3645.421,3646.97,3644.725,3646.35
2025-09-08T22:00:00-04:00,3646.34,3647.86,3644.565,3645.405
2025-09-08T22:05:00-04:00,3645.635,3653.48,3644.66,3652.94
2025-09-08T22:10:00-04:00,3652.925,3653.5,3649.625,3650.78
2025-09-08T22:15:00-04:00,3650.58,3653.36,3650.365,3651.97
2025-09-08T22:20:00-04:00,3651.91,3653.45,3651.005,3652.855
2025-09-08T22:25:00-04:00,3652.9,3653.93,3651.798,3653.71
2025-09-08T22:30:00-04:00,3653.62,3654.73,3651.945,3652.18
2025-09-08T22:35:00-04:00,3652.171,3654.19,3650.705,3653.444
2025-09-08T22:40:00-04:00,3653.444,3654.37,3650.985,3652.8
2025-09-08T22:45:00-04:00,3652.8,3653.06,3650.73,3651.57
2025-09-08T22:50:00-04:00,3651.571,3651.6,3646.975,3647.25
2025-09-08T22:55:00-04:00,3647.35,3648.47,3646.698,3647.52
2025-09-08T23:00:00-04:00,3647.58,3652.08,3645.298,3650.51
2025-09-08T23:05:00-04:00,3650.621,3650.87,3646.785,3647.011
2025-09-08T23:10:00-04:00,3647.011,3649.6,3643.535,3648.28
2025-09-08T23:15:00-04:00,3648.221,3648.56,3645.235,3647.75
2025-09-08T23:20:00-04:00,3647.585,3648.74,3645.145,3648.03
2025-09-08T23:25:00-04:00,3647.81,3649.16,3647.475,3648.66
2025-09-08T23:30:00-04:00,3648.75,3649.11,3644.058,3646.631
2025-09-08T23:35:00-04:00,3646.67,3646.86,3642.345,3643.435
2025-09-08T23:40:00-04:00,3643.395,3645.45,3643.335,3645.31
2025-09-08T23:45:00-04:00,3645.28,3646.9,3644.785,3646.29
2025-09-08T23:50:00-04:00,3646.16,3646.604,3643.755,3644.7
2025-09-08T23:55:00-04:00,3644.7,3646.12,3644.425,3645.944
2025-09-09T00:00:00-04:00,3645.74,3647.38,3645.495,3646.935
2025-09-09T00:05:00-04:00,3647.09,3648.455,3646.58,3648.125
2025-09-09T00:10:00-04:00,3648.34,3648.904,3647.59,3648.37
2025-09-09T00:15:00-04:00,3648.43,3649.06,3647.515,3647.93
2025-09-09T00:20:00-04:00,3648.171,3651.15,3648.035,3650.524
2025-09-09T00:25:00-04:00,3650.49,3651.9,3650.07,3651.73
2025-09-09T00:30:00-04:00,3651.72,3653,3650.91,3652.78
2025-09-09T00:35:00-04:00,3652.77,3653.92,3651.545,3653.33
2025-09-09T00:40:00-04:00,3653.58,3655.304,3653.18,3654.971
2025-09-09T00:45:00-04:00,3655.08,3657.16,3654.505,3654.96
2025-09-09T00:50:00-04:00,3655.14,3655.821,3654.295,3655.63
2025-09-09T00:55:00-04:00,3655.52,3656.13,3654.755,3654.921
2025-09-09T01:00:00-04:00,3654.93,3655.834,3654.085,3655.391
2025-09-09T01:05:00-04:00,3655.4,3656.7,3654.71,3656.431
2025-09-09T01:10:00-04:00,3656.41,3656.474,3654.295,3654.74
2025-09-09T01:15:00-04:00,3654.74,3655.66,3652.41,3652.635
2025-09-09T01:20:00-04:00,3652.99,3656.44,3652.625,3655.55
2025-09-09T01:25:00-04:00,3655.7,3655.714,3653.965,3654.511
2025-09-09T01:30:00-04:00,3654.511,3656.611,3654.205,3655.974
2025-09-09T01:35:00-04:00,3655.94,3657.82,3654.92,3657.814
2025-09-09T01:40:00-04:00,3657.79,3658.68,3656.21,3656.7
2025-09-09T01:45:00-04:00,3656.93,3658.444,3656.2,3657.885
2025-09-09T01:50:00-04:00,3658.129,3659.38,3655.635,3658.04
2025-09-09T01:55:00-04:00,3658.004,3658.25,3654.065,3655.244
2025-09-09T02:00:00-04:00,3654.98,3656.314,3650.138,3650.87
2025-09-09T02:05:00-04:00,3650.35,3650.84,3638.098,3640.488
2025-09-09T02:10:00-04:00,3640.06,3644.46,3637.505,3643.41
2025-09-09T02:15:00-04:00,3643.335,3646.519,3640.775,3642.52
2025-09-09T02:20:00-04:00,3642.34,3642.844,3637.848,3640.47
2025-09-09T02:25:00-04:00,3640.411,3641.1,3636.375,3638.54
2025-09-09T02:30:00-04:00,3638.54,3641.32,3637.295,3640.87
2025-09-09T02:35:00-04:00,3641.07,3645.431,3640.035,3645.25
2025-09-09T02:40:00-04:00,3645.351,3649.88,3644.86,3649.71
2025-09-09T02:45:00-04:00,3649.625,3649.86,3643.955,3645.945
2025-09-09T02:50:00-04:00,3645.93,3647.8,3645.7,3646.45
2025-09-09T02:55:00-04:00,3646.46,3648.06,3646.015,3647.57
2025-09-09T03:00:00-04:00,3647.471,3648.19,3646.715,3647.365
2025-09-09T03:05:00-04:00,3647.61,3648.58,3644.798,3646.855
2025-09-09T03:10:00-04:00,3646.9,3647.935,3645.975,3646.92
2025-09-09T03:15:00-04:00,3646.8,3647.18,3643.725,3646.451
2025-09-09T03:20:00-04:00,3646.44,3648.82,3645.005,3648.33
2025-09-09T03:25:00-04:00,3648.33,3651,3647.905,3650.62
2025-09-09T03:30:00-04:00,3650.65,3650.68,3647.51,3649.82
2025-09-09T03:35:00-04:00,3649.465,3650.68,3646.775,3647.8
2025-09-09T03:40:00-04:00,3647.82,3648.075,3644.885,3645.2
2025-09-09T03:45:00-04:00,3645.18,3645.479,3643.11,3644.54
2025-09-09T03:50:00-04:00,3644.531,3645.58,3642.288,3643.31
2025-09-09T03:55:00-04:00,3643.32,3644.82,3641.365,3644.27
2025-09-09T04:00:00-04:00,3644.315,3646.05,3643.035,3644.67
2025-09-09T04:05:00-04:00,3644.67,3646.1,3643.315,3644.364
2025-09-09T04:10:00-04:00,3644.35,3644.48,3641.645,3642.815
2025-09-09T04:15:00-04:00,3642.78,3645.92,3641.955,3643.71
2025-09-09T04:20:00-04:00,3643.71,3646.05,3642.295,3645.075
2025-09-09T04:25:00-04:00,3645.045,3646.715,3643.465,3645.48
2025-09-09T04:30:00-04:00,3645.504,3646.98,3643.125,3646.4
2025-09-09T04:35:00-04:00,3646.52,3647.49,3645.485,3647.13
2025-09-09T04:40:00-04:00,3647.07,3650.81,3646.455,3650.291
2025-09-09T04:45:00-04:00,3650.271,3651,3646.745,3648.53
2025-09-09T04:50:00-04:00,3648.5,3649.62,3646.515,3647.231
2025-09-09T04:55:00-04:00,3647.25,3648.9,3646.025,3648.05
2025-09-09T05:00:00-04:00,3648.06,3651.06,3647.798,3648.74
2025-09-09T05:05:00-04:00,3648.57,3650.99,3647.425,3650.25
2025-09-09T05:10:00-04:00,3650.25,3655.65,3650.095,3655.414
2025-09-09T05:15:00-04:00,3655.27,3656.69,3653.985,3655.43
2025-09-09T05:20:00-04:00,3655.4,3656.11,3654.12,3655.734
2025-09-09T05:25:00-04:00,3655.81,3655.81,3653.135,3653.675
2025-09-09T05:30:00-04:00,3653.59,3654.711,3652.955,3653.88
2025-09-09T05:35:00-04:00,3653.904,3654.815,3651.378,3653.8
2025-09-09T05:40:00-04:00,3654,3654.35,3652.675,3654.14
2025-09-09T05:45:00-04:00,3654.14,3654.71,3652.088,3652.5
2025-09-09T05:50:00-04:00,3652.48,3653.71,3652.055,3653.6
2025-09-09T05:55:00-04:00,3653.6,3654.54,3652.805,3653.51
2025-09-09T06:00:00-04:00,3653.54,3656.04,3653.075,3654.399
2025-09-09T06:05:00-04:00,3654.27,3654.66,3651.798,3652.57
2025-09-09T06:10:00-04:00,3652.215,3653.96,3651.875,3653.54
2025-09-09T06:15:00-04:00,3653.405,3654.29,3652.458,3652.86
2025-09-09T06:20:00-04:00,3652.74,3654.27,3652.44,3653.32
2025-09-09T06:25:00-04:00,3653.4,3653.76,3652.715,3653.15
2025-09-09T06:30:00-04:00,3653.14,3653.621,3651.76,3651.875
2025-09-09T06:35:00-04:00,3651.97,3653.34,3650.545,3650.85
2025-09-09T06:40:00-04:00,3650.74,3652.3,3649.355,3650.08
2025-09-09T06:45:00-04:00,3650.23,3650.99,3648.845,3649.295
2025-09-09T06:50:00-04:00,3649.295,3652.44,3648.585,3651.115
2025-09-09T06:55:00-04:00,3651.14,3652.66,3650.655,3651.79
2025-09-09T07:00:00-04:00,3651.844,3654,3651.525,3652.77
2025-09-09T07:05:00-04:00,3652.87,3653.93,3652.415,3652.55
2025-09-09T07:10:00-04:00,3652.61,3654.17,3652.325,3652.99
2025-09-09T07:15:00-04:00,3652.98,3653.85,3652.625,3653.571
2025-09-09T07:20:00-04:00,3653.46,3654.29,3651.415,3651.86
2025-09-09T07:25:00-04:00,3651.8,3652.83,3651.125,3652.711
2025-09-09T07:30:00-04:00,3652.66,3653.6,3650.995,3652.06
2025-09-09T07:35:00-04:00,3652.06,3654.2,3651.695,3653.19
2025-09-09T07:40:00-04:00,3653.29,3653.94,3652.245,3653.02
2025-09-09T07:45:00-04:00,3653.02,3653.19,3649.775,3650.3
2025-09-09T07:50:00-04:00,3650.38,3651.371,3649.085,3650.42
2025-09-09T07:55:00-04:00,3650.4,3650.72,3646.625,3647.94
2025-09-09T08:00:00-04:00,3647.97,3651.14,3646.905,3650.92
2025-09-09T08:05:00-04:00,3650.771,3654.29,3649.948,3653.37
2025-09-09T08:10:00-04:00,3653.22,3655.41,3652.31,3654.26
2025-09-09T08:15:00-04:00,3654.355,3654.46,3651.255,3652.31
2025-09-09T08:20:00-04:00,3652.145,3653.84,3648.655,3649.43
2025-09-09T08:25:00-04:00,3649.49,3650.36,3647.745,3649.331
2025-09-09T08:30:00-04:00,3649.038,3649.77,3646.795,3648.87
2025-09-09T08:35:00-04:00,3648.78,3649.78,3645.075,3645.72
2025-09-09T08:40:00-04:00,3645.61,3647.88,3643.515,3646.75
2025-09-09T08:45:00-04:00,3646.58,3647.29,3644.015,3645.74
2025-09-09T08:50:00-04:00,3645.744,3648.38,3645.035,3647.58
2025-09-09T08:55:00-04:00,3647.63,3649.015,3647.255,3647.255
2025-09-09T09:00:00-04:00,3647.411,3653.14,3646.035,3652.784
2025-09-09T09:05:00-04:00,3652.6,3653.07,3647.405,3650.29
2025-09-09T09:10:00-04:00,3650.205,3654.96,3649.435,3652.58
2025-09-09T09:15:00-04:00,3652.475,3655.29,3651.995,3653.71
2025-09-09T09:20:00-04:00,3653.764,3656.62,3653.475,3656.62
2025-09-09T09:25:00-04:00,3656.534,3661.84,3656.34,3660.215
2025-09-09T09:30:00-04:00,3660.4,3663.97,3657.815,3663.704
2025-09-09T09:35:00-04:00,3663.704,3667.71,3663.015,3664.72
2025-09-09T09:40:00-04:00,3664.56,3665.72,3660.735,3663.59
2025-09-09T09:45:00-04:00,3663.435,3667.394,3660.888,3666.78
2025-09-09T09:50:00-04:00,3666.78,3667.4,3664.235,3664.665
2025-09-09T09:55:00-04:00,3664.68,3668.31,3664.045,3666.044
2025-09-09T10:00:00-04:00,3666.034,3674.78,3654.098,3660.16
2025-09-09T10:05:00-04:00,3660.02,3663,3641.565,3648.535
2025-09-09T10:10:00-04:00,3648.535,3652.15,3644.735,3651.8
2025-09-09T10:15:00-04:00,3651.71,3657.43,3649.065,3649.57
2025-09-09T10:20:00-04:00,3649.59,3653.82,3645.438,3652.88
2025-09-09T10:25:00-04:00,3652.85,3653.78,3649.315,3653.155
2025-09-09T10:30:00-04:00,3653.26,3654.4,3640.495,3641.8
2025-09-09T10:35:00-04:00,3641.8,3642.35,3635.678,3641.644
2025-09-09T10:40:00-04:00,3641.365,3647.28,3640.885,3646.175
2025-09-09T10:45:00-04:00,3646.395,3649.11,3642.728,3644.86
2025-09-09T10:50:00-04:00,3644.84,3647.44,3643.075,3645.355
2025-09-09T10:55:00-04:00,3645.791,3647.53,3643.745,3644.97
2025-09-09T11:00:00-04:00,3644.96,3646.54,3640.365,3641.295
2025-09-09T11:05:00-04:00,3641.28,3643.28,3639.425,3641.725
2025-09-09T11:10:00-04:00,3641.94,3642.15,3634.828,3635.04
2025-09-09T11:15:00-04:00,3635.035,3636.17,3626.665,3632.905
2025-09-09T11:20:00-04:00,3632.991,3639.94,3632.265,3639.22
2025-09-09T11:25:00-04:00,3639.195,3641.75,3638.328,3640.18
2025-09-09T11:30:00-04:00,3640.14,3641.74,3638.095,3638.51
2025-09-09T11:35:00-04:00,3638.54,3640.44,3635.955,3638.56
2025-09-09T11:40:00-04:00,3638.56,3643.92,3638.205,3643.13
2025-09-09T11:45:00-04:00,3643.23,3644.99,3641.655,3644.86
2025-09-09T11:50:00-04:00,3644.68,3645.02,3642.565,3643.59
2025-09-09T11:55:00-04:00,3643.491,3646,3641.395,3645.37
2025-09-09T12:00:00-04:00,3645.66,3647.28,3643.895,3644.94
2025-09-09T12:05:00-04:00,3645.15,3648.551,3644.035,3648.41
2025-09-09T12:10:00-04:00,3648.42,3649.78,3647.585,3649.39
2025-09-09T12:15:00-04:00,3648.96,3649.76,3645.885,3646.35
2025-09-09T12:20:00-04:00,3646.35,3647.09,3644.155,3646.635
2025-09-09T12:25:00-04:00,3646.64,3647.11,3645.295,3646.21
2025-09-09T12:30:00-04:00,3645.85,3647.92,3645.375,3647.399
2025-09-09T12:35:00-04:00,3647.39,3647.87,3645.215,3646.38
2025-09-09T12:40:00-04:00,3646.305,3647.61,3645.09,3645.68
2025-09-09T12:45:00-04:00,3645.25,3647.32,3644.385,3647.32
2025-09-09T12:50:00-04:00,3647.23,3647.4,3645.955,3646.475
2025-09-09T12:55:00-04:00,3646.69,3647.34,3644.39,3644.944
2025-09-09T13:00:00-04:00,3645.02,3646.49,3644.625,3645.24
2025-09-09T13:05:00-04:00,3645.195,3645.48,3642.798,3645.34
2025-09-09T13:10:00-04:00,3645.34,3646.195,3643.23,3643.935
2025-09-09T13:15:00-04:00,3643.93,3644.471,3642.925,3644.11
2025-09-09T13:20:00-04:00,3643.99,3646.09,3643.815,3645.595
2025-09-09T13:25:00-04:00,3645.57,3645.96,3642.785,3643.165
2025-09-09T13:30:00-04:00,3643.24,3645.26,3643.115,3643.63
2025-09-09T13:35:00-04:00,3643.712,3643.77,3641.995,3642.49
2025-09-09T13:40:00-04:00,3642.53,3643.18,3641.17,3641.86
2025-09-09T13:45:00-04:00,3642.07,3643.39,3641.1,3642.644
2025-09-09T13:50:00-04:00,3642.64,3644.31,3642.035,3643.47
2025-09-09T13:55:00-04:00,3643.47,3643.72,3642.035,3642.695
2025-09-09T14:00:00-04:00,3642.77,3643.24,3641.885,3643.06
2025-09-09T14:05:00-04:00,3642.885,3643.964,3642.365,3643.62
2025-09-09T14:10:00-04:00,3643.67,3644.455,3642.65,3644.01
2025-09-09T14:15:00-04:00,3644.01,3644.66,3643.52,3644.26
2025-09-09T14:20:00-04:00,3643.96,3644.54,3642.75,3643.179
2025-09-09T14:25:00-04:00,3643.025,3644.031,3642.47,3643.78
2025-09-09T14:30:00-04:00,3643.844,3645.13,3642.348,3642.82
2025-09-09T14:35:00-04:00,3642.811,3643.55,3641.835,3642.295
2025-09-09T14:40:00-04:00,3642.09,3643.27,3640.525,3640.791
2025-09-09T14:45:00-04:00,3640.67,3641.56,3639.45,3639.64
2025-09-09T14:50:00-04:00,3639.91,3640.68,3639.495,3640.22
2025-09-09T14:55:00-04:00,3640.11,3640.8,3639.66,3640.37
2025-09-09T15:00:00-04:00,3640.34,3641.26,3639.485,3640.75
2025-09-09T15:05:00-04:00,3641.04,3641.06,3639.325,3640.155
2025-09-09T15:10:00-04:00,3640.25,3640.25,3634.995,3635.48
2025-09-09T15:15:00-04:00,3635.48,3636.56,3634.525,3635.345
2025-09-09T15:20:00-04:00,3635.435,3636.4,3634.625,3635.69
2025-09-09T15:25:00-04:00,3635.69,3636.08,3635.125,3635.345
2025-09-09T15:30:00-04:00,3635.51,3636.29,3634.35,3635.9
2025-09-09T15:35:00-04:00,3635.81,3635.93,3633.435,3633.76
2025-09-09T15:40:00-04:00,3633.81,3634.21,3630.785,3632.77
2025-09-09T15:45:00-04:00,3632.705,3633.05,3628.765,3629.81
2025-09-09T15:50:00-04:00,3629.741,3632.35,3629.198,3632.161
2025-09-09T15:55:00-04:00,3632.195,3632.23,3628.335,3629.36
2025-09-09T16:00:00-04:00,3629.36,3630.681,3629.155,3630.31
2025-09-09T16:05:00-04:00,3630.31,3632.89,3630,3631.769
2025-09-09T16:10:00-04:00,3631.78,3631.78,3630.075,3630.42
2025-09-09T16:15:00-04:00,3630.5,3631.69,3630.095,3631.151
2025-09-09T16:20:00-04:00,3631.15,3631.55,3630.535,3631.381
2025-09-09T16:25:00-04:00,3631.315,3632.39,3631.121,3632.01
2025-09-09T16:30:00-04:00,3631.88,3632.18,3630.81,3631.43
2025-09-09T16:35:00-04:00,3631.43,3631.54,3628.16,3628.58
2025-09-09T16:40:00-04:00,3628.461,3629.32,3627.94,3628.491
2025-09-09T16:45:00-04:00,3628.48,3629.4,3626.45,3629.2
2025-09-09T16:50:00-04:00,3629.2,3629.925,3627.158,3627.52
2025-09-09T16:55:00-04:00,3627.51,3627.61,3624.165,3624.165
2025-09-09T18:00:00-04:00,3624.104,3627.87,3618.473,3627.19
2025-09-09T18:05:00-04:00,3627.403,3630.11,3625.918,3629.538
2025-09-09T18:10:00-04:00,3629.11,3630.29,3627.47,3630.22
2025-09-09T18:15:00-04:00,3629.76,3630.31,3625.305,3625.508
2025-09-09T18:20:00-04:00,3625.683,3627.27,3625.148,3625.684
2025-09-09T18:25:00-04:00,3625.558,3626.58,3622.648,3624
2025-09-09T18:30:00-04:00,3623.63,3627.56,3623.63,3626.98
2025-09-09T18:35:00-04:00,3626.98,3628.33,3625.93,3627.508
2025-09-09T18:40:00-04:00,3627.63,3631.66,3627.418,3631.45
2025-09-09T18:45:00-04:00,3631.384,3632.104,3630.475,3631.7
2025-09-09T18:50:00-04:00,3631.79,3635.34,3631.598,3635.204
2025-09-09T18:55:00-04:00,3635.29,3635.82,3633.485,3635.39
2025-09-09T19:00:00-04:00,3635.39,3637.77,3634.648,3635.851
2025-09-09T19:05:00-04:00,3635.89,3636.97,3634.105,3635.18
2025-09-09T19:10:00-04:00,3635,3639.93,3634.695,3639
2025-09-09T19:15:00-04:00,3638.96,3639.4,3637.435,3638.144
2025-09-09T19:20:00-04:00,3638.19,3640.79,3638.125,3639.77
2025-09-09T19:25:00-04:00,3640.04,3640.04,3636.755,3637.96
2025-09-09T19:30:00-04:00,3637.9,3639.45,3636.948,3637.48
2025-09-09T19:35:00-04:00,3637.46,3637.47,3635.068,3636.15
2025-09-09T19:40:00-04:00,3636.25,3637.56,3634.868,3636.87
2025-09-09T19:45:00-04:00,3636.81,3637.25,3635.865,3636.36
2025-09-09T19:50:00-04:00,3636.455,3636.5,3633.755,3634.145
2025-09-09T19:55:00-04:00,3634.38,3634.884,3633.015,3633.39
2025-09-09T20:00:00-04:00,3633.39,3634.384,3631.175,3631.31
2025-09-09T20:05:00-04:00,3631.32,3632.855,3628.975,3631.861
2025-09-09T20:10:00-04:00,3631.91,3633.67,3628.998,3630.298
2025-09-09T20:15:00-04:00,3630.36,3630.98,3628.498,3629.65
2025-09-09T20:20:00-04:00,3629.515,3630.475,3627.815,3628.064
2025-09-09T20:25:00-04:00,3628.14,3628.46,3626.255,3627.391
2025-09-09T20:30:00-04:00,3627.18,3630.85,3626.678,3628.933
2025-09-09T20:35:00-04:00,3628.92,3629.58,3625.315,3625.819
2025-09-09T20:40:00-04:00,3625.721,3626.9,3623.99,3626.11
2025-09-09T20:45:00-04:00,3626.1,3627.22,3622.535,3623.175
2025-09-09T20:50:00-04:00,3623.175,3624.455,3621.225,3622.004
2025-09-09T20:55:00-04:00,3622.03,3624.36,3621.19,3623.92
2025-09-09T21:00:00-04:00,3623.975,3628.29,3621.998,3624.77
2025-09-09T21:05:00-04:00,3624.761,3625.881,3621.448,3625.735
2025-09-09T21:10:00-04:00,3625.8,3629.05,3625.595,3626.52
2025-09-09T21:15:00-04:00,3626.415,3627.42,3623.595,3624.82
2025-09-09T21:20:00-04:00,3624.94,3624.97,3621.615,3624.53
2025-09-09T21:25:00-04:00,3624.535,3626.11,3619.965,3621.144
2025-09-09T21:30:00-04:00,3621.041,3627.86,3620.575,3626.865
2025-09-09T21:35:00-04:00,3626.895,3629.344,3625.885,3628.4
2025-09-09T21:40:00-04:00,3628.3,3629.59,3626.815,3627.681
2025-09-09T21:45:00-04:00,3627.57,3628.99,3625.665,3628.58
2025-09-09T21:50:00-04:00,3628.66,3632.561,3628.205,3631.56
2025-09-09T21:55:00-04:00,3631.551,3632.741,3629.575,3630.415
2025-09-09T22:00:00-04:00,3630.48,3631.83,3629.745,3631.54
2025-09-09T22:05:00-04:00,3631.36,3635.004,3631.315,3633.19
2025-09-09T22:10:00-04:00,3633.35,3635.415,3632.67,3634.22
2025-09-09T22:15:00-04:00,3634.22,3634.651,3632.615,3633.481
2025-09-09T22:20:00-04:00,3633.51,3634.984,3632.615,3634.38
2025-09-09T22:25:00-04:00,3634.06,3635.395,3632.995,3633.175
2025-09-09T22:30:00-04:00,3633.105,3634.181,3631.245,3631.59
2025-09-09T22:35:00-04:00,3631.59,3635.404,3631.425,3634.071
2025-09-09T22:40:00-04:00,3634.08,3636.43,3633.61,3635.851
2025-09-09T22:45:00-04:00,3635.724,3637.06,3634.998,3636.555
2025-09-09T22:50:00-04:00,3636.52,3638.31,3636.075,3636.621
2025-09-09T22:55:00-04:00,3636.621,3637.29,3634.995,3636.22
2025-09-09T23:00:00-04:00,3636.155,3636.87,3635.145,3636.52
2025-09-09T23:05:00-04:00,3636.43,3637.13,3633.635,3634.02
2025-09-09T23:10:00-04:00,3633.93,3634.46,3632.845,3634.08
2025-09-09T23:15:00-04:00,3634.19,3635.83,3633.515,3635.24
2025-09-09T23:20:00-04:00,3635.32,3635.38,3633.565,3634.61
2025-09-09T23:25:00-04:00,3634.695,3635.44,3634.22,3634.48
2025-09-09T23:30:00-04:00,3634.48,3634.99,3633.555,3634.42
2025-09-09T23:35:00-04:00,3634.42,3636.304,3633.93,3635.93
2025-09-09T23:40:00-04:00,3635.944,3636.18,3633.925,3635.85
2025-09-09T23:45:00-04:00,3635.85,3636.08,3634.985,3635.511
2025-09-09T23:50:00-04:00,3635.53,3636.384,3634.49,3636.05
2025-09-09T23:55:00-04:00,3636.23,3636.93,3635.73,3636.52
2025-09-10T00:00:00-04:00,3636.48,3639.21,3636.3,3638.855
2025-09-10T00:05:00-04:00,3638.89,3641.02,3638.64,3640.6
2025-09-10T00:10:00-04:00,3640.67,3641.444,3640.36,3641.151
2025-09-10T00:15:00-04:00,3640.81,3641.344,3640.26,3640.79
2025-09-10T00:20:00-04:00,3640.52,3641.184,3640.3,3640.63
2025-09-10T00:25:00-04:00,3640.825,3642.975,3640.63,3640.86
2025-09-10T00:30:00-04:00,3641.16,3642.23,3640.41,3641.94
2025-09-10T00:35:00-04:00,3641.72,3642.81,3640.975,3641.271
2025-09-10T00:40:00-04:00,3641.23,3642.43,3639.815,3642.079
2025-09-10T00:45:00-04:00,3642.025,3642.77,3641.13,3642.77
2025-09-10T00:50:00-04:00,3642.67,3643.29,3642.27,3643.044
2025-09-10T00:55:00-04:00,3643.04,3643.32,3642.36,3642.82
2025-09-10T01:00:00-04:00,3642.73,3644.7,3642.715,3643.39
2025-09-10T01:05:00-04:00,3643.39,3644.11,3642.898,3643.85
2025-09-10T01:10:00-04:00,3643.94,3644.14,3642.255,3642.98
2025-09-10T01:15:00-04:00,3642.971,3643.059,3641.405,3642.13
2025-09-10T01:20:00-04:00,3642.131,3644.23,3641.895,3643.811
2025-09-10T01:25:00-04:00,3643.8,3644.79,3643.108,3643.828
2025-09-10T01:30:00-04:00,3643.95,3645.39,3642.305,3642.48
2025-09-10T01:35:00-04:00,3642.471,3642.59,3639.765,3641.1
2025-09-10T01:40:00-04:00,3641.1,3642.55,3641.045,3641.915
2025-09-10T01:45:00-04:00,3641.97,3642.34,3640.245,3642.28
2025-09-10T01:50:00-04:00,3642.23,3643.22,3641.005,3641.66
2025-09-10T01:55:00-04:00,3641.78,3644.5,3641.56,3642.97
2025-09-10T02:00:00-04:00,3642.91,3643.17,3640.775,3641.3
2025-09-10T02:05:00-04:00,3641.31,3644.68,3641.01,3644.05
2025-09-10T02:10:00-04:00,3644.05,3646.68,3642.97,3645.89
2025-09-10T02:15:00-04:00,3646.124,3647.69,3645.45,3646.605
2025-09-10T02:20:00-04:00,3646.77,3647.64,3645.345,3645.92
2025-09-10T02:25:00-04:00,3645.85,3645.97,3643.255,3643.7
2025-09-10T02:30:00-04:00,3643.79,3645.74,3641.635,3641.93
2025-09-10T02:35:00-04:00,3642,3642.91,3641.315,3642.58
2025-09-10T02:40:00-04:00,3642.44,3646.95,3640.405,3644.78
2025-09-10T02:45:00-04:00,3644.751,3646.04,3642.598,3645.14
2025-09-10T02:50:00-04:00,3645.23,3646.29,3644.175,3645.085
2025-09-10T02:55:00-04:00,3645.3,3645.81,3642.675,3643.711
2025-09-10T03:00:00-04:00,3643.67,3646.76,3640.835,3646.54
2025-09-10T03:05:00-04:00,3646.455,3647.76,3644.898,3645.76
2025-09-10T03:10:00-04:00,3645.76,3647.8,3644.938,3646.885
2025-09-10T03:15:00-04:00,3646.98,3648.09,3645.875,3646.36
2025-09-10T03:20:00-04:00,3646.31,3647.09,3644.865,3645.77
2025-09-10T03:25:00-04:00,3645.68,3646.5,3643.455,3643.67
2025-09-10T03:30:00-04:00,3643.55,3644.97,3642.215,3643.035
2025-09-10T03:35:00-04:00,3643.191,3645.804,3642.385,3645.13
2025-09-10T03:40:00-04:00,3645.015,3646.621,3644.58,3644.971
2025-09-10T03:45:00-04:00,3644.98,3648.44,3644.375,3646.6
2025-09-10T03:50:00-04:00,3646.58,3647.704,3645.235,3645.639
2025-09-10T03:55:00-04:00,3645.58,3646.204,3643.785,3643.92
2025-09-10T04:00:00-04:00,3643.984,3644.71,3642.495,3642.944
2025-09-10T04:05:00-04:00,3643.14,3645.37,3642.235,3645.095
2025-09-10T04:10:00-04:00,3645.19,3646.55,3643.785,3644.72
2025-09-10T04:15:00-04:00,3644.72,3646.27,3643.725,3644.4
2025-09-10T04:20:00-04:00,3644.4,3644.55,3642.755,3642.82
2025-09-10T04:25:00-04:00,3642.89,3645.23,3641.735,3644.71
2025-09-10T04:30:00-04:00,3644.68,3645.51,3644.13,3644.52
2025-09-10T04:35:00-04:00,3644.375,3645.57,3643.25,3644.5
2025-09-10T04:40:00-04:00,3644.72,3647.44,3644.225,3645.68
2025-09-10T04:45:00-04:00,3645.69,3646.59,3644.558,3645.73
2025-09-10T04:50:00-04:00,3645.83,3646.39,3645.425,3645.88
2025-09-10T04:55:00-04:00,3645.88,3647.73,3645.6,3645.75
2025-09-10T05:00:00-04:00,3645.75,3646.54,3644.98,3645.86
2025-09-10T05:05:00-04:00,3645.66,3646.25,3644.605,3645.991
2025-09-10T05:10:00-04:00,3645.85,3646.45,3644.825,3646.23
2025-09-10T05:15:00-04:00,3646.27,3646.27,3645.045,3645.83
2025-09-10T05:20:00-04:00,3645.725,3646.4,3645.405,3645.88
2025-09-10T05:25:00-04:00,3645.91,3647.21,3645.575,3646.151
2025-09-10T05:30:00-04:00,3646.14,3647.71,3645.535,3647.61
2025-09-10T05:35:00-04:00,3647.42,3649.71,3647.18,3649.48
2025-09-10T05:40:00-04:00,3649.53,3651.25,3649.19,3650.944
2025-09-10T05:45:00-04:00,3650.92,3654.88,3650.745,3654.24
2025-09-10T05:50:00-04:00,3654.29,3656.06,3653.385,3655.364
2025-09-10T05:55:00-04:00,3655.35,3655.9,3654.25,3655.18
2025-09-10T06:00:00-04:00,3654.94,3655.58,3653.68,3654.045
2025-09-10T06:05:00-04:00,3654.18,3655.42,3653.15,3654.06
2025-09-10T06:10:00-04:00,3653.95,3654.531,3652.995,3653.74
2025-09-10T06:15:00-04:00,3653.72,3654.69,3652.365,3652.6
2025-09-10T06:20:00-04:00,3652.495,3655.78,3651.315,3655.38
2025-09-10T06:25:00-04:00,3655.45,3655.8,3653.595,3654.5
2025-09-10T06:30:00-04:00,3654.414,3655.9,3653.755,3655.389
2025-09-10T06:35:00-04:00,3655.34,3657.32,3654.905,3656.94
2025-09-10T06:40:00-04:00,3656.974,3656.984,3654.06,3654.56
2025-09-10T06:45:00-04:00,3654.4,3656.43,3654.025,3656.36
2025-09-10T06:50:00-04:00,3656.21,3657.58,3656.068,3656.778
2025-09-10T06:55:00-04:00,3656.768,3657.14,3655.008,3655.26
2025-09-10T07:00:00-04:00,3655.26,3655.33,3649.93,3651.01
2025-09-10T07:05:00-04:00,3650.89,3654.8,3650.605,3654.51
2025-09-10T07:10:00-04:00,3654.35,3655.5,3653.165,3654.66
2025-09-10T07:15:00-04:00,3654.5,3656.36,3654.375,3655.66
2025-09-10T07:20:00-04:00,3655.66,3656.28,3654.98,3656.105
2025-09-10T07:25:00-04:00,3656.08,3656.25,3654.465,3654.665
2025-09-10T07:30:00-04:00,3654.53,3655.06,3652.485,3652.99
2025-09-10T07:35:00-04:00,3652.82,3653.42,3650.725,3651.811
2025-09-10T07:40:00-04:00,3651.81,3651.91,3648.685,3649.09
2025-09-10T07:45:00-04:00,3648.93,3652.175,3648.435,3649.94
2025-09-10T07:50:00-04:00,3649.939,3650.14,3648.205,3648.88
2025-09-10T07:55:00-04:00,3648.94,3649.9,3648.198,3649.131
2025-09-10T08:00:00-04:00,3649.21,3649.844,3648.405,3649.675
2025-09-10T08:05:00-04:00,3649.664,3650.11,3648.655,3649.38
2025-09-10T08:10:00-04:00,3649.38,3649.62,3647.595,3648.07
2025-09-10T08:15:00-04:00,3648.14,3650.13,3647.025,3649.775
2025-09-10T08:20:00-04:00,3649.804,3650.41,3648.015,3648.744
2025-09-10T08:25:00-04:00,3648.69,3650.08,3647.135,3647.508
2025-09-10T08:30:00-04:00,3647.73,3657.39,3647.428,3651.96
2025-09-10T08:35:00-04:00,3651.92,3653.79,3642.165,3650.02
2025-09-10T08:40:00-04:00,3649.945,3650.64,3645.695,3650.6
2025-09-10T08:45:00-04:00,3650.45,3651.481,3643.135,3644.67
2025-09-10T08:50:00-04:00,3644.425,3645.24,3640.008,3643.74
2025-09-10T08:55:00-04:00,3643.7,3645.84,3642.645,3643.92
2025-09-10T09:00:00-04:00,3643.98,3647.23,3642.795,3646.265
2025-09-10T09:05:00-04:00,3646.44,3648.35,3641.535,3647.025
2025-09-10T09:10:00-04:00,3647.15,3647.52,3643.675,3646.22
2025-09-10T09:15:00-04:00,3646.27,3649.22,3644.97,3646.84
2025-09-10T09:20:00-04:00,3646.84,3647.884,3645.735,3647.2
2025-09-10T09:25:00-04:00,3647.215,3647.92,3645.975,3646.91
2025-09-10T09:30:00-04:00,3646.83,3652.22,3646.605,3651.53
2025-09-10T09:35:00-04:00,3651.604,3654.08,3648.355,3649.74
2025-09-10T09:40:00-04:00,3649.92,3650.98,3648.855,3650.25
2025-09-10T09:45:00-04:00,3650.22,3650.3,3646.585,3649.935
2025-09-10T09:50:00-04:00,3649.93,3651.24,3648.315,3650.271
2025-09-10T09:55:00-04:00,3650.31,3651.91,3649.295,3651.2
2025-09-10T10:00:00-04:00,3651.2,3653.04,3648.945,3652.76
2025-09-10T10:05:00-04:00,3652.645,3653.67,3651.355,3652.59
2025-09-10T10:10:00-04:00,3652.58,3654.07,3650.655,3653.705
2025-09-10T10:15:00-04:00,3653.77,3655.32,3653.11,3654.88
2025-09-10T10:20:00-04:00,3654.871,3655.01,3651.571,3651.77
2025-09-10T10:25:00-04:00,3651.76,3653.531,3650.085,3652.54
2025-09-10T10:30:00-04:00,3652.44,3655.48,3651.97,3654.911
2025-09-10T10:35:00-04:00,3654.81,3655.4,3653.885,3654.69
2025-09-10T10:40:00-04:00,3654.69,3654.86,3648.325,3648.72
2025-09-10T10:45:00-04:00,3648.72,3649.411,3644.515,3644.835
2025-09-10T10:50:00-04:00,3644.8,3646.91,3643.685,3644.085
2025-09-10T10:55:00-04:00,3644.23,3647.99,3643.915,3647.52
2025-09-10T11:00:00-04:00,3647.345,3648.044,3644.775,3644.945
2025-09-10T11:05:00-04:00,3645.084,3646.59,3643.765,3645.64
2025-09-10T11:10:00-04:00,3645.639,3648.45,3645.228,3647.875
2025-09-10T11:15:00-04:00,3647.95,3648.225,3646.045,3646.851
2025-09-10T11:20:00-04:00,3646.86,3648.65,3639.62,3640.255
2025-09-10T11:25:00-04:00,3640.3,3644.59,3638.318,3644.3
2025-09-10T11:30:00-04:00,3644.304,3646.53,3643.915,3645.88
2025-09-10T11:35:00-04:00,3645.815,3647.72,3645.018,3647.091
2025-09-10T11:40:00-04:00,3647.09,3647.6,3645.808,3647.051
2025-09-10T11:45:00-04:00,3647.05,3648.4,3646.885,3647.6
2025-09-10T11:50:00-04:00,3647.6,3648.221,3646.96,3647.5
2025-09-10T11:55:00-04:00,3647.5,3647.68,3643.585,3644.444
2025-09-10T12:00:00-04:00,3644.39,3646.91,3642.655,3643.46
2025-09-10T12:05:00-04:00,3643.47,3643.82,3641.505,3642.298
2025-09-10T12:10:00-04:00,3642.499,3643.83,3641.905,3643.108
2025-09-10T12:15:00-04:00,3643.19,3644.904,3642.545,3644.61
2025-09-10T12:20:00-04:00,3644.49,3644.62,3641.465,3643.38
2025-09-10T12:25:00-04:00,3643.315,3643.67,3640.315,3641.06
2025-09-10T12:30:00-04:00,3641.11,3641.29,3639.745,3640.24
2025-09-10T12:35:00-04:00,3640.28,3642.01,3639.798,3641.44
2025-09-10T12:40:00-04:00,3641.34,3642.97,3641.115,3641.7
2025-09-10T12:45:00-04:00,3641.58,3642.104,3640.67,3641.79
2025-09-10T12:50:00-04:00,3641.735,3643.691,3641.11,3643.22
2025-09-10T12:55:00-04:00,3643.35,3643.864,3642.515,3642.63
2025-09-10T13:00:00-04:00,3642.67,3643.86,3642.315,3643.29
2025-09-10T13:05:00-04:00,3643.38,3643.8,3642.258,3643.655
2025-09-10T13:10:00-04:00,3643.61,3644.13,3642.855,3643.855
2025-09-10T13:15:00-04:00,3643.83,3644.26,3642.895,3643.105
2025-09-10T13:20:00-04:00,3643.1,3643.35,3641.79,3642.195
2025-09-10T13:25:00-04:00,3642.204,3642.96,3641.475,3642.544
2025-09-10T13:30:00-04:00,3642.5,3646.03,3642.08,3645.37
2025-09-10T13:35:00-04:00,3645.32,3647.1,3644.948,3646.77
2025-09-10T13:40:00-04:00,3646.76,3647.26,3645.498,3645.62
2025-09-10T13:45:00-04:00,3645.69,3646.12,3645.215,3645.75
2025-09-10T13:50:00-04:00,3645.51,3646.57,3645.168,3646.2
2025-09-10T13:55:00-04:00,3646.19,3647.67,3646.095,3647.38
2025-09-10T14:00:00-04:00,3647.37,3647.96,3646.085,3647.72
2025-09-10T14:05:00-04:00,3647.85,3648.03,3646.755,3647.16
2025-09-10T14:10:00-04:00,3647.14,3647.63,3646.525,3647.105
2025-09-10T14:15:00-04:00,3647.55,3648.45,3647.078,3648.28
2025-09-10T14:20:00-04:00,3648.21,3649.67,3647.975,3649.27
2025-09-10T14:25:00-04:00,3649.28,3649.75,3648.305,3648.611
2025-09-10T14:30:00-04:00,3648.49,3648.77,3647.048,3647.64
2025-09-10T14:35:00-04:00,3647.45,3647.77,3644.575,3645.421
2025-09-10T14:40:00-04:00,3645.34,3646.24,3644.975,3645.805
2025-09-10T14:45:00-04:00,3645.95,3646.6,3644.765,3646.015
2025-09-10T14:50:00-04:00,3645.82,3646.14,3644.425,3644.69
2025-09-10T14:55:00-04:00,3644.58,3645.42,3644.39,3645.225
2025-09-10T15:00:00-04:00,3645.35,3646.28,3644.665,3644.935
2025-09-10T15:05:00-04:00,3645,3645.27,3643.825,3644.24
2025-09-10T15:10:00-04:00,3644.145,3644.86,3643.565,3643.695
2025-09-10T15:15:00-04:00,3643.75,3644.13,3640.765,3641.24
2025-09-10T15:20:00-04:00,3641.37,3641.45,3639.075,3640.19
2025-09-10T15:25:00-04:00,3640.26,3641.55,3638.845,3639.67
2025-09-10T15:30:00-04:00,3639.48,3639.65,3636.715,3637.39
2025-09-10T15:35:00-04:00,3637.46,3637.63,3635.065,3636.99
2025-09-10T15:40:00-04:00,3637.22,3638.18,3635.68,3637.555
2025-09-10T15:45:00-04:00,3637.69,3640.464,3636.185,3640.464
2025-09-10T15:50:00-04:00,3640.455,3641.31,3639.525,3641.191
2025-09-10T15:55:00-04:00,3641.191,3642.65,3640.325,3641.92
2025-09-10T16:00:00-04:00,3642.11,3642.92,3641.33,3641.904
2025-09-10T16:05:00-04:00,3641.88,3642.151,3640.41,3640.43
2025-09-10T16:10:00-04:00,3640.43,3641.55,3640.24,3641.24
2025-09-10T16:15:00-04:00,3641.251,3641.51,3640.43,3641.17
2025-09-10T16:20:00-04:00,3641.07,3641.4,3640.18,3640.63
2025-09-10T16:25:00-04:00,3640.63,3640.89,3639.385,3639.65
2025-09-10T16:30:00-04:00,3639.64,3640.56,3639.485,3639.91
2025-09-10T16:35:00-04:00,3639.911,3640.29,3638.105,3638.3
2025-09-10T16:40:00-04:00,3638.33,3639.02,3637.885,3638.351
2025-09-10T16:45:00-04:00,3638.4,3639.79,3638.24,3639.07
2025-09-10T16:50:00-04:00,3639.26,3641.27,3638.631,3641.16
2025-09-10T16:55:00-04:00,3641.15,3641.26,3639.735,3639.805
2025-09-10T18:00:00-04:00,3641.814,3644.48,3640.72,3644.19
2025-09-10T18:05:00-04:00,3644.19,3644.47,3641.825,3642.139
2025-09-10T18:10:00-04:00,3641.9,3642.14,3639.745,3639.924
2025-09-10T18:15:00-04:00,3639.97,3640.301,3637.645,3638.38
2025-09-10T18:20:00-04:00,3638.39,3641.41,3637.735,3640.22
2025-09-10T18:25:00-04:00,3640.048,3640.64,3638.798,3639.5
2025-09-10T18:30:00-04:00,3639.56,3641.3,3638.89,3640.42
2025-09-10T18:35:00-04:00,3640.42,3641.38,3639.845,3640.595
2025-09-10T18:40:00-04:00,3640.66,3641.47,3640.165,3640.79
2025-09-10T18:45:00-04:00,3640.67,3640.831,3639.375,3640.41
2025-09-10T18:50:00-04:00,3640.54,3640.64,3639.335,3640
2025-09-10T18:55:00-04:00,3640,3640.74,3639.355,3639.395
2025-09-10T19:00:00-04:00,3639.76,3640.18,3638.348,3638.751
2025-09-10T19:05:00-04:00,3638.75,3640.871,3638.175,3640.42
2025-09-10T19:10:00-04:00,3640.69,3642.035,3640.335,3641.68
2025-09-10T19:15:00-04:00,3641.8,3642.21,3641.06,3641.78
2025-09-10T19:20:00-04:00,3641.77,3642.315,3641.395,3641.73
2025-09-10T19:25:00-04:00,3641.67,3642.91,3640.725,3642.62
2025-09-10T19:30:00-04:00,3642.67,3643.26,3640.305,3640.951
2025-09-10T19:35:00-04:00,3640.96,3644.075,3640.725,3643.775
2025-09-10T19:40:00-04:00,3643.6,3645,3643.56,3644.29
2025-09-10T19:45:00-04:00,3644.29,3645.46,3643.265,3644.11
2025-09-10T19:50:00-04:00,3644.16,3645.595,3643.915,3645.125
2025-09-10T19:55:00-04:00,3645.27,3645.295,3644.37,3644.86
2025-09-10T20:00:00-04:00,3644.884,3646.26,3644.575,3645.91
2025-09-10T20:05:00-04:00,3645.87,3646.13,3644.565,3645.15
2025-09-10T20:10:00-04:00,3645.071,3646.49,3644.398,3646.351
2025-09-10T20:15:00-04:00,3646.39,3647.11,3644.28,3645.52
2025-09-10T20:20:00-04:00,3645.35,3645.63,3644.04,3644.83
2025-09-10T20:25:00-04:00,3644.791,3646.53,3644.685,3645.54
2025-09-10T20:30:00-04:00,3645.54,3646.62,3644.035,3644.18
2025-09-10T20:35:00-04:00,3644.311,3645.74,3643.415,3644.4
2025-09-10T20:40:00-04:00,3644.4,3645.85,3643.93,3645.64
2025-09-10T20:45:00-04:00,3645.42,3646.035,3643.385,3643.775
2025-09-10T20:50:00-04:00,3643.5,3644.32,3642.255,3643.235
2025-09-10T20:55:00-04:00,3643.235,3644.36,3642.748,3643.81
2025-09-10T21:00:00-04:00,3643.821,3645.89,3642.285,3643.431
2025-09-10T21:05:00-04:00,3643.185,3646.41,3643.175,3645.74
2025-09-10T21:10:00-04:00,3645.81,3647.66,3645.535,3646.18
2025-09-10T21:15:00-04:00,3646.01,3646.64,3644.975,3645.49
2025-09-10T21:20:00-04:00,3645.52,3647.38,3644.115,3647.16
2025-09-10T21:25:00-04:00,3647.044,3648.62,3645.395,3648.48
2025-09-10T21:30:00-04:00,3648.12,3649.13,3645.685,3646.36
2025-09-10T21:35:00-04:00,3646.33,3646.46,3643.165,3643.84
2025-09-10T21:40:00-04:00,3643.971,3645.11,3642.465,3643.184
2025-09-10T21:45:00-04:00,3643.13,3643.88,3640.44,3641.065
2025-09-10T21:50:00-04:00,3640.96,3642.775,3640.9,3641.73
2025-09-10T21:55:00-04:00,3641.7,3642.11,3639.615,3640.831
2025-09-10T22:00:00-04:00,3640.831,3642.35,3639.51,3642.2
2025-09-10T22:05:00-04:00,3642.2,3643.4,3641.835,3643.39
2025-09-10T22:10:00-04:00,3643.215,3643.47,3641.335,3642.14
2025-09-10T22:15:00-04:00,3641.93,3642.35,3639.395,3639.72
2025-09-10T22:20:00-04:00,3639.59,3640.355,3638.485,3638.93
2025-09-10T22:25:00-04:00,3638.81,3638.975,3637.065,3637.96
2025-09-10T22:30:00-04:00,3637.96,3638.16,3635.505,3636.664
2025-09-10T22:35:00-04:00,3636.375,3638.4,3635.815,3638.144
2025-09-10T22:40:00-04:00,3638.15,3638.7,3635.785,3636.07
2025-09-10T22:45:00-04:00,3636.12,3638.18,3633.995,3638.05
2025-09-10T22:50:00-04:00,3638.19,3638.87,3637.065,3637.73
2025-09-10T22:55:00-04:00,3637.87,3637.87,3634.995,3637.34
2025-09-10T23:00:00-04:00,3637.304,3637.395,3635.105,3636.03
2025-09-10T23:05:00-04:00,3636.13,3636.72,3631.905,3632.38
2025-09-10T23:10:00-04:00,3632.31,3635.55,3631.97,3634.21
2025-09-10T23:15:00-04:00,3634.055,3635.51,3632.75,3634.011
2025-09-10T23:20:00-04:00,3634.16,3635.28,3633.118,3634.48
2025-09-10T23:25:00-04:00,3634.564,3635.28,3632.895,3633.13
2025-09-10T23:30:00-04:00,3633.33,3633.69,3631.348,3632.36
2025-09-10T23:35:00-04:00,3632.42,3633.59,3631.395,3633.37
2025-09-10T23:40:00-04:00,3633.25,3633.58,3630.135,3630.678
2025-09-10T23:45:00-04:00,3630.835,3632.404,3629.715,3631.695
2025-09-10T23:50:00-04:00,3631.61,3633.135,3631.2,3632.38
2025-09-10T23:55:00-04:00,3632.244,3632.51,3631.29,3631.994
2025-09-11T00:00:00-04:00,3631.81,3633.37,3631.685,3633.13
2025-09-11T00:05:00-04:00,3633.09,3633.855,3632.448,3633.411
2025-09-11T00:10:00-04:00,3633.45,3634.39,3632.865,3633.66
2025-09-11T00:15:00-04:00,3633.55,3634.06,3632.948,3633.73
2025-09-11T00:20:00-04:00,3633.81,3634.26,3632.675,3632.91
2025-09-11T00:25:00-04:00,3632.931,3633.54,3632.335,3633.315
2025-09-11T00:30:00-04:00,3633.25,3634.42,3633.195,3633.69
2025-09-11T00:35:00-04:00,3633.59,3633.71,3631.455,3631.71
2025-09-11T00:40:00-04:00,3631.74,3632.53,3630,3631.55
2025-09-11T00:45:00-04:00,3631.621,3631.78,3630.215,3630.264
2025-09-11T00:50:00-04:00,3630.264,3631.82,3630.048,3631.82
2025-09-11T00:55:00-04:00,3631.66,3632.12,3630.125,3630.615
2025-09-11T01:00:00-04:00,3630.6,3631.41,3629.735,3631.064
2025-09-11T01:05:00-04:00,3631.11,3631.11,3629.588,3630.05
2025-09-11T01:10:00-04:00,3630.1,3630.63,3629.585,3630.41
2025-09-11T01:15:00-04:00,3630.431,3630.781,3629.575,3630
2025-09-11T01:20:00-04:00,3629.901,3630.56,3629.568,3629.798
2025-09-11T01:25:00-04:00,3630.08,3631.72,3629.425,3631.111
2025-09-11T01:30:00-04:00,3631.13,3631.32,3624.795,3630.37
2025-09-11T01:35:00-04:00,3630.375,3633.5,3630.055,3632.69
2025-09-11T01:40:00-04:00,3632.69,3633.28,3629.028,3629.67
2025-09-11T01:45:00-04:00,3629.651,3629.7,3626.925,3628.41
2025-09-11T01:50:00-04:00,3628.42,3629.39,3625.448,3626.43
2025-09-11T01:55:00-04:00,3625.75,3628.01,3623.225,3625.13
2025-09-11T02:00:00-04:00,3625.03,3627.94,3622.395,3626.27
2025-09-11T02:05:00-04:00,3626.34,3632.55,3626.075,3632.03
2025-09-11T02:10:00-04:00,3632.121,3633.47,3631.6,3632.481
2025-09-11T02:15:00-04:00,3632.61,3633.17,3630.795,3632.53
2025-09-11T02:20:00-04:00,3632.61,3634.3,3631.625,3631.89
2025-09-11T02:25:00-04:00,3632.03,3634.29,3631.105,3633.47
2025-09-11T02:30:00-04:00,3633.36,3634.41,3631.428,3634.08
2025-09-11T02:35:00-04:00,3634.104,3635.61,3632.7,3633.94
2025-09-11T02:40:00-04:00,3633.94,3637.13,3633.305,3636.295
2025-09-11T02:45:00-04:00,3636.32,3638.09,3635.025,3635.35
2025-09-11T02:50:00-04:00,3635.3,3636.27,3634.425,3635.29
2025-09-11T02:55:00-04:00,3635.29,3635.29,3631.848,3632.925
2025-09-11T03:00:00-04:00,3633.231,3633.38,3628.148,3629.644
2025-09-11T03:05:00-04:00,3629.47,3630.51,3625.355,3626.18
2025-09-11T03:10:00-04:00,3626.31,3629.9,3625.935,3627.57
2025-09-11T03:15:00-04:00,3627.57,3628.71,3623.948,3625.295
2025-09-11T03:20:00-04:00,3625.241,3627.89,3624.948,3627.165
2025-09-11T03:25:00-04:00,3627.198,3630.62,3625.075,3626.01
2025-09-11T03:30:00-04:00,3626.01,3627.62,3623.555,3626.75
2025-09-11T03:35:00-04:00,3626.75,3628.5,3625.98,3628.34
2025-09-11T03:40:00-04:00,3628.305,3629.36,3627.525,3627.93
2025-09-11T03:45:00-04:00,3627.89,3628.43,3626.335,3628.291
2025-09-11T03:50:00-04:00,3628.3,3629.07,3626.285,3627.68
2025-09-11T03:55:00-04:00,3627.68,3630.024,3627.345,3629.61
2025-09-11T04:00:00-04:00,3629.87,3631.769,3629.34,3631.504
2025-09-11T04:05:00-04:00,3631.441,3631.82,3629.135,3630.15
2025-09-11T04:10:00-04:00,3630.255,3630.35,3626.845,3629.26
2025-09-11T04:15:00-04:00,3629.37,3630.29,3628.785,3629.56
2025-09-11T04:20:00-04:00,3629.51,3630.34,3629.095,3630
2025-09-11T04:25:00-04:00,3629.91,3630.24,3628.85,3629.264
2025-09-11T04:30:00-04:00,3629.24,3629.47,3626.798,3627.54
2025-09-11T04:35:00-04:00,3627.57,3627.95,3626.025,3627.07
2025-09-11T04:40:00-04:00,3627.14,3628.35,3626.455,3626.76
2025-09-11T04:45:00-04:00,3626.67,3628,3625.755,3627.69
2025-09-11T04:50:00-04:00,3627.731,3630.49,3627.475,3629.104
2025-09-11T04:55:00-04:00,3629.11,3629.2,3625.215,3626.18
2025-09-11T05:00:00-04:00,3626.18,3629.65,3622.015,3623.26
2025-09-11T05:05:00-04:00,3623.175,3623.78,3621.148,3621.5
2025-09-11T05:10:00-04:00,3621.3,3623.01,3618.38,3618.724
2025-09-11T05:15:00-04:00,3618.74,3619.43,3613.945,3617.921
2025-09-11T05:20:00-04:00,3617.9,3619.06,3616.725,3617.9
2025-09-11T05:25:00-04:00,3617.931,3618.74,3616.815,3617.27
2025-09-11T05:30:00-04:00,3617.11,3620.93,3616.645,3619.515
2025-09-11T05:35:00-04:00,3619.65,3620.27,3617.898,3619.34
2025-09-11T05:40:00-04:00,3619.34,3619.84,3618.145,3619.24
2025-09-11T05:45:00-04:00,3619.47,3622.82,3618.77,3622.32
2025-09-11T05:50:00-04:00,3622.344,3622.48,3620.675,3621.4
2025-09-11T05:55:00-04:00,3621.3,3621.9,3619.915,3621.9
2025-09-11T06:00:00-04:00,3621.81,3621.99,3619.86,3620.79
2025-09-11T06:05:00-04:00,3620.64,3621.57,3619.435,3621.475
2025-09-11T06:10:00-04:00,3621.4,3622.51,3620.7,3621.92
2025-09-11T06:15:00-04:00,3621.92,3622.85,3621.275,3622.45
2025-09-11T06:20:00-04:00,3622.52,3623.85,3621.91,3622.575
2025-09-11T06:25:00-04:00,3622.675,3622.83,3620.49,3621.03
2025-09-11T06:30:00-04:00,3621.04,3621.59,3619.73,3621.51
2025-09-11T06:35:00-04:00,3621.455,3624.9,3621.42,3622.94
2025-09-11T06:40:00-04:00,3622.881,3623.11,3619.755,3622.45
2025-09-11T06:45:00-04:00,3622.39,3623.495,3622.055,3623.25
2025-09-11T06:50:00-04:00,3623.25,3623.97,3622.265,3622.86
2025-09-11T06:55:00-04:00,3622.86,3623.31,3620.865,3621.76
2025-09-11T07:00:00-04:00,3621.82,3622.24,3620.22,3620.91
2025-09-11T07:05:00-04:00,3620.98,3621.95,3619.925,3620.621
2025-09-11T07:10:00-04:00,3620.54,3621.05,3619.485,3620.39
2025-09-11T07:15:00-04:00,3620.39,3621.26,3619.94,3620.67
2025-09-11T07:20:00-04:00,3620.63,3621.49,3619.615,3620.47
2025-09-11T07:25:00-04:00,3620.47,3621.33,3619.935,3621.13
2025-09-11T07:30:00-04:00,3621.22,3621.74,3619.215,3620.175
2025-09-11T07:35:00-04:00,3620.26,3620.75,3617.795,3618.29
2025-09-11T07:40:00-04:00,3618.36,3618.69,3615.265,3615.7
2025-09-11T07:45:00-04:00,3615.61,3618.27,3615.475,3616.58
2025-09-11T07:50:00-04:00,3616.654,3617.49,3615.945,3617.33
2025-09-11T07:55:00-04:00,3617.313,3618.09,3615.905,3616.74
2025-09-11T08:00:00-04:00,3616.75,3619.45,3616.045,3618.385
2025-09-11T08:05:00-04:00,3618.49,3620.48,3618.365,3618.931
2025-09-11T08:10:00-04:00,3618.931,3620.33,3617.385,3619.92
2025-09-11T08:15:00-04:00,3619.83,3620.45,3617.465,3619.121
2025-09-11T08:20:00-04:00,3619.13,3626.3,3619.045,3624.37
2025-09-11T08:25:00-04:00,3624.431,3624.51,3621.295,3623.15
2025-09-11T08:30:00-04:00,3623.15,3640.36,3612.72,3638.95
2025-09-11T08:35:00-04:00,3638.895,3643.97,3636.205,3638.3
2025-09-11T08:40:00-04:00,3638.351,3639.53,3631.475,3637.07
2025-09-11T08:45:00-04:00,3637.091,3637.304,3626.895,3631.125
2025-09-11T08:50:00-04:00,3631.3,3632.52,3625.905,3631.31
2025-09-11T08:55:00-04:00,3631.2,3631.61,3626.465,3628.88
2025-09-11T09:00:00-04:00,3628.635,3635.36,3627.305,3633.021
2025-09-11T09:05:00-04:00,3633.04,3636.3,3631.975,3635.215
2025-09-11T09:10:00-04:00,3635.275,3637.1,3632.055,3634.03
2025-09-11T09:15:00-04:00,3633.955,3634.48,3622.858,3624.955
2025-09-11T09:20:00-04:00,3624.955,3630.09,3619.965,3626.995
2025-09-11T09:25:00-04:00,3627.115,3627.72,3621.105,3621.148
2025-09-11T09:30:00-04:00,3621.46,3627.35,3621.085,3623.48
2025-09-11T09:35:00-04:00,3623.55,3625.155,3618.105,3624.225
2025-09-11T09:40:00-04:00,3624.33,3630.73,3621.755,3628.74
2025-09-11T09:45:00-04:00,3628.448,3632.42,3626.285,3628.864
2025-09-11T09:50:00-04:00,3628.825,3632.98,3627.905,3631.75
2025-09-11T09:55:00-04:00,3631.97,3633.45,3629.695,3630.221
2025-09-11T10:00:00-04:00,3630.221,3631.32,3625.695,3627.03
2025-09-11T10:05:00-04:00,3626.585,3633.8,3626.435,3632.885
2025-09-11T10:10:00-04:00,3632.995,3633.935,3631.545,3633.12
2025-09-11T10:15:00-04:00,3633.12,3637.47,3632.385,3636.595
2025-09-11T10:20:00-04:00,3636.375,3636.75,3634.055,3636.57
2025-09-11T10:25:00-04:00,3636.71,3637.81,3634.355,3634.951
2025-09-11T10:30:00-04:00,3634.97,3635.41,3632.445,3633.091
2025-09-11T10:35:00-04:00,3633.054,3634.2,3630.475,3630.84
2025-09-11T10:40:00-04:00,3630.84,3631.56,3626.785,3626.921
2025-09-11T10:45:00-04:00,3626.87,3630.015,3626.685,3629.55
2025-09-11T10:50:00-04:00,3629.51,3630.715,3628.105,3628.69
2025-09-11T10:55:00-04:00,3628.83,3630.104,3627.505,3629.47
2025-09-11T11:00:00-04:00,3629.48,3632.835,3629.3,3631.97
2025-09-11T11:05:00-04:00,3631.98,3633.671,3631.085,3631.27
2025-09-11T11:10:00-04:00,3631.35,3633.93,3630.985,3633.86
2025-09-11T11:15:00-04:00,3633.9,3636.755,3633.36,3636.48
2025-09-11T11:20:00-04:00,3636.644,3638.94,3635.785,3638.66
2025-09-11T11:25:00-04:00,3638.81,3639.05,3636.07,3636.72
2025-09-11T11:30:00-04:00,3636.543,3638.4,3635.585,3635.88
2025-09-11T11:35:00-04:00,3635.89,3636.57,3633.39,3634.345
2025-09-11T11:40:00-04:00,3634.93,3635.82,3633.745,3634.59
2025-09-11T11:45:00-04:00,3634.53,3634.64,3631.845,3632.56
2025-09-11T11:50:00-04:00,3632.345,3633.54,3631.585,3632.231
2025-09-11T11:55:00-04:00,3632.22,3633.94,3630.955,3633.6
2025-09-11T12:00:00-04:00,3632.935,3637.89,3632.875,3635.511
2025-09-11T12:05:00-04:00,3635.435,3640.06,3635.198,3639.51
2025-09-11T12:10:00-04:00,3639.47,3642.33,3638.805,3640.51
2025-09-11T12:15:00-04:00,3640.04,3641.39,3636.465,3637.044
2025-09-11T12:20:00-04:00,3637.01,3639.11,3636.075,3638.45
2025-09-11T12:25:00-04:00,3638.404,3638.96,3636.615,3637.55
2025-09-11T12:30:00-04:00,3637.18,3638.66,3636.355,3637.85
2025-09-11T12:35:00-04:00,3638.24,3639.55,3635.765,3636
2025-09-11T12:40:00-04:00,3635.98,3637.54,3634.338,3635.37
2025-09-11T12:45:00-04:00,3635.41,3636.4,3633.398,3636.35
2025-09-11T12:50:00-04:00,3636.25,3636.82,3634.898,3636.264
2025-09-11T12:55:00-04:00,3636.26,3637.39,3635.385,3636.17
2025-09-11T13:00:00-04:00,3636.155,3636.66,3632.308,3633.475
2025-09-11T13:05:00-04:00,3633.475,3634.93,3632.898,3633.58
2025-09-11T13:10:00-04:00,3633.39,3634.24,3631.498,3632.79
2025-09-11T13:15:00-04:00,3632.755,3635.54,3632.598,3634.67
2025-09-11T13:20:00-04:00,3634.81,3635.65,3633.748,3635.27
2025-09-11T13:25:00-04:00,3635.16,3636.09,3634.048,3634.715
2025-09-11T13:30:00-04:00,3634.64,3636.71,3634.065,3635.925
2025-09-11T13:35:00-04:00,3636.03,3636.62,3635.115,3635.98
2025-09-11T13:40:00-04:00,3636.13,3636.37,3633.985,3634.61
2025-09-11T13:45:00-04:00,3634.71,3635.44,3633.215,3634.55
2025-09-11T13:50:00-04:00,3634.475,3636.24,3634.275,3635.64
2025-09-11T13:55:00-04:00,3635.63,3635.77,3634.525,3634.944
2025-09-11T14:00:00-04:00,3635.01,3636.22,3634.595,3635.69
2025-09-11T14:05:00-04:00,3635.69,3636.97,3635.365,3636.66
2025-09-11T14:10:00-04:00,3636.47,3637.16,3633.685,3634.34
2025-09-11T14:15:00-04:00,3634.34,3634.95,3632.455,3632.6
2025-09-11T14:20:00-04:00,3632.6,3634.88,3632.415,3633.44
2025-09-11T14:25:00-04:00,3633.451,3633.69,3631.845,3632.01
2025-09-11T14:30:00-04:00,3632.051,3632.26,3630.225,3631.27
2025-09-11T14:35:00-04:00,3631.36,3632.86,3630.845,3632.61
2025-09-11T14:40:00-04:00,3632.52,3632.91,3631.365,3631.955
2025-09-11T14:45:00-04:00,3632.08,3632.52,3631.645,3632.415
2025-09-11T14:50:00-04:00,3632.39,3633.6,3632.14,3633.15
2025-09-11T14:55:00-04:00,3633.11,3633.23,3632.07,3632.215
2025-09-11T15:00:00-04:00,3632.3,3634.47,3632.065,3633.935
2025-09-11T15:05:00-04:00,3633.931,3636.42,3633.605,3635.555
2025-09-11T15:10:00-04:00,3635.315,3636.25,3633.848,3634.64
2025-09-11T15:15:00-04:00,3634.33,3635.94,3633.585,3635.47
2025-09-11T15:20:00-04:00,3635.55,3637.28,3635.205,3635.75
2025-09-11T15:25:00-04:00,3635.84,3636.15,3633.955,3635.04
2025-09-11T15:30:00-04:00,3635.02,3636.83,3634.125,3636.135
2025-09-11T15:35:00-04:00,3636.04,3637.66,3635.915,3637.16
2025-09-11T15:40:00-04:00,3636.79,3637.55,3636.225,3636.32
2025-09-11T15:45:00-04:00,3636.39,3637.71,3636.235,3636.911
2025-09-11T15:50:00-04:00,3636.85,3637.72,3635.855,3636
2025-09-11T15:55:00-04:00,3636,3637.43,3635.675,3636.91
2025-09-11T16:00:00-04:00,3636.91,3637.47,3635.948,3636.36
2025-09-11T16:05:00-04:00,3636.43,3637.95,3636.055,3636.58
2025-09-11T16:10:00-04:00,3636.43,3636.85,3634.898,3635.77
2025-09-11T16:15:00-04:00,3635.71,3636.32,3635.395,3635.59
2025-09-11T16:20:00-04:00,3635.69,3636.65,3635.345,3635.99
2025-09-11T16:25:00-04:00,3636.06,3636.47,3634.695,3635.37
2025-09-11T16:30:00-04:00,3635.08,3635.67,3633.545,3633.6
2025-09-11T16:35:00-04:00,3634.04,3634.63,3633.405,3633.84
2025-09-11T16:40:00-04:00,3633.81,3634.31,3633.155,3633.69
2025-09-11T16:45:00-04:00,3633.77,3634.88,3633.135,3633.93
2025-09-11T16:50:00-04:00,3633.93,3634.48,3633.105,3633.4
2025-09-11T16:55:00-04:00,3633.4,3634.24,3632.898,3633.535
2025-09-11T18:00:00-04:00,3633.264,3636.16,3632.955,3635.95
2025-09-11T18:05:00-04:00,3635.91,3636.31,3635.165,3635.81
2025-09-11T18:10:00-04:00,3635.81,3636.81,3635.055,3636.675
2025-09-11T18:15:00-04:00,3636.68,3637.4,3636.065,3636.51
2025-09-11T18:20:00-04:00,3636.54,3638.16,3636.405,3637.171
2025-09-11T18:25:00-04:00,3637.221,3637.58,3636.77,3637.031
2025-09-11T18:30:00-04:00,3637.031,3637.031,3635.34,3635.34
2025-09-11T18:35:00-04:00,3635.5,3636.43,3635.26,3636.384
2025-09-11T18:40:00-04:00,3636.43,3636.43,3634.935,3635.1
2025-09-11T18:45:00-04:00,3635.07,3635.43,3632.94,3634.084
2025-09-11T18:50:00-04:00,3634.13,3634.65,3633.755,3634.444
2025-09-11T18:55:00-04:00,3634.34,3635.15,3634.055,3634.63
2025-09-11T19:00:00-04:00,3634.87,3636.084,3634.435,3635.19
2025-09-11T19:05:00-04:00,3634.99,3635.375,3633.805,3634.25
2025-09-11T19:10:00-04:00,3634.53,3634.53,3632.92,3633.63
2025-09-11T19:15:00-04:00,3633.63,3634.42,3633.28,3634.29
2025-09-11T19:20:00-04:00,3634.31,3635.35,3633.88,3635.21
2025-09-11T19:25:00-04:00,3635.225,3635.39,3633.875,3635.25
2025-09-11T19:30:00-04:00,3635.23,3635.82,3634.105,3634.43
2025-09-11T19:35:00-04:00,3634.35,3635.54,3634.165,3635.26
2025-09-11T19:40:00-04:00,3635.38,3635.51,3634.505,3634.745
2025-09-11T19:45:00-04:00,3634.7,3634.944,3632.57,3632.801
2025-09-11T19:50:00-04:00,3632.64,3633.12,3631.6,3632.21
2025-09-11T19:55:00-04:00,3632.21,3633.08,3631.265,3631.841
2025-09-11T20:00:00-04:00,3631.79,3633.795,3631.38,3633.66
2025-09-11T20:05:00-04:00,3633.661,3633.79,3631.95,3632.6
2025-09-11T20:10:00-04:00,3632.35,3633.72,3631.625,3633.37
2025-09-11T20:15:00-04:00,3633.38,3633.77,3631.305,3632.2
2025-09-11T20:20:00-04:00,3632.2,3633.03,3630.585,3632.02
2025-09-11T20:25:00-04:00,3632.151,3632.82,3630.855,3631.05
2025-09-11T20:30:00-04:00,3631.01,3632.09,3630.295,3631.644
2025-09-11T20:35:00-04:00,3631.55,3633.39,3630.525,3633.144
2025-09-11T20:40:00-04:00,3633.09,3633.73,3631.785,3633.61
2025-09-11T20:45:00-04:00,3633.61,3636.56,3633.385,3635.91
2025-09-11T20:50:00-04:00,3635.731,3637.89,3634.985,3636.855
2025-09-11T20:55:00-04:00,3636.94,3638.05,3635.715,3636.42
2025-09-11T21:00:00-04:00,3636.42,3641.47,3636.298,3639.84
2025-09-11T21:05:00-04:00,3639.94,3641.14,3637.698,3640.671
2025-09-11T21:10:00-04:00,3640.67,3643.95,3640.448,3642.83
2025-09-11T21:15:00-04:00,3642.83,3643.36,3638.615,3639.335
2025-09-11T21:20:00-04:00,3639.64,3642.33,3639.325,3642.12
2025-09-11T21:25:00-04:00,3642.21,3643.18,3640.415,3642.69
2025-09-11T21:30:00-04:00,3642.67,3646.15,3642.3,3643.72
2025-09-11T21:35:00-04:00,3643.54,3646.56,3642.945,3646.035
2025-09-11T21:40:00-04:00,3646.03,3646.73,3643.978,3645.67
2025-09-11T21:45:00-04:00,3645.775,3647.42,3643.548,3645.59
2025-09-11T21:50:00-04:00,3645.57,3646.713,3643.975,3646.215
2025-09-11T21:55:00-04:00,3646.15,3647.504,3644.875,3646.34
2025-09-11T22:00:00-04:00,3646.34,3646.92,3644.655,3645.485
2025-09-11T22:05:00-04:00,3645.56,3649.82,3644.62,3648.805
2025-09-11T22:10:00-04:00,3648.82,3648.88,3647.08,3647.34
2025-09-11T22:15:00-04:00,3647.46,3648.64,3646.985,3648.46
2025-09-11T22:20:00-04:00,3648.4,3649.84,3647.705,3649.5
2025-09-11T22:25:00-04:00,3649.544,3650.2,3648.995,3649.6
2025-09-11T22:30:00-04:00,3649.791,3650.42,3648.325,3649.32
2025-09-11T22:35:00-04:00,3649.33,3650,3646.745,3648.23
2025-09-11T22:40:00-04:00,3648.18,3648.32,3647.055,3647.495
2025-09-11T22:45:00-04:00,3647.61,3648.98,3645.93,3648.72
2025-09-11T22:50:00-04:00,3648.72,3650.9,3648.51,3649.88
2025-09-11T22:55:00-04:00,3649.88,3650.154,3647.92,3648.93
2025-09-11T23:00:00-04:00,3648.931,3650.12,3646.405,3648.31
2025-09-11T23:05:00-04:00,3648.395,3649.43,3647.235,3649.03
2025-09-11T23:10:00-04:00,3649.02,3650.37,3647.87,3649.98
2025-09-11T23:15:00-04:00,3649.99,3652.41,3649.4,3649.615
2025-09-11T23:20:00-04:00,3649.835,3651.49,3649.175,3651.4
2025-09-11T23:25:00-04:00,3651.4,3651.915,3650.005,3650.61
2025-09-11T23:30:00-04:00,3650.61,3651.43,3649.935,3650.87
2025-09-11T23:35:00-04:00,3650.91,3651.84,3650.36,3650.61
2025-09-11T23:40:00-04:00,3650.515,3651.71,3650.38,3651.3
2025-09-11T23:45:00-04:00,3651.311,3651.835,3650.895,3651.25
2025-09-11T23:50:00-04:00,3651.2,3651.91,3650.255,3651.19
2025-09-11T23:55:00-04:00,3651.3,3653.34,3650.94,3652.95
2025-09-12T00:00:00-04:00,3652.86,3654.2,3652.485,3653.28
2025-09-12T00:05:00-04:00,3653.28,3654.37,3651.37,3653.14
2025-09-12T00:10:00-04:00,3652.89,3653.524,3652.15,3653.245
2025-09-12T00:15:00-04:00,3653.37,3653.69,3652.79,3653.46
2025-09-12T00:20:00-04:00,3653.46,3654.6,3653.44,3653.97
2025-09-12T00:25:00-04:00,3653.94,3654.84,3653.835,3654.7
2025-09-12T00:30:00-04:00,3654.7,3655.524,3654.025,3654.32
2025-09-12T00:35:00-04:00,3654.32,3654.75,3653.548,3654.48
2025-09-12T00:40:00-04:00,3654.44,3654.96,3653.775,3654.37
2025-09-12T00:45:00-04:00,3654.571,3656.19,3653.93,3655.495
2025-09-12T00:50:00-04:00,3655.65,3656.12,3654.31,3654.9
2025-09-12T00:55:00-04:00,3654.854,3655.17,3654.07,3654.81
2025-09-12T01:00:00-04:00,3654.794,3655.55,3653.7,3655.42
2025-09-12T01:05:00-04:00,3655.42,3655.69,3654.555,3654.97
2025-09-12T01:10:00-04:00,3655.31,3656.32,3655.02,3656.014
2025-09-12T01:15:00-04:00,3655.97,3656.68,3655.605,3656.4
2025-09-12T01:20:00-04:00,3656.34,3656.55,3655.005,3655.22
2025-09-12T01:25:00-04:00,3655.24,3655.57,3652.685,3652.84
2025-09-12T01:30:00-04:00,3652.98,3655.2,3651.905,3653.87
2025-09-12T01:35:00-04:00,3653.94,3654.41,3652.435,3653.24
2025-09-12T01:40:00-04:00,3653.23,3655.72,3652.89,3654.63
2025-09-12T01:45:00-04:00,3654.8,3654.88,3651.89,3652.33
2025-09-12T01:50:00-04:00,3652.06,3654.91,3651.79,3653.63
2025-09-12T01:55:00-04:00,3653.62,3655.22,3652.915,3652.944
2025-09-12T02:00:00-04:00,3653.06,3653.77,3651.505,3653.425
2025-09-12T02:05:00-04:00,3653.37,3653.462,3651.525,3652.331
2025-09-12T02:10:00-04:00,3652.34,3653.51,3651.035,3653.264
2025-09-12T02:15:00-04:00,3653.32,3654.08,3651.448,3652.22
2025-09-12T02:20:00-04:00,3652.22,3652.51,3650.49,3650.635
2025-09-12T02:25:00-04:00,3650.62,3651.33,3649.115,3650.78
2025-09-12T02:30:00-04:00,3650.71,3652.38,3649.398,3652.25
2025-09-12T02:35:00-04:00,3652.17,3652.38,3650.055,3650.65
2025-09-12T02:40:00-04:00,3650.86,3651.26,3648.265,3649.28
2025-09-12T02:45:00-04:00,3649.3,3649.804,3648.1,3648.84
2025-09-12T02:50:00-04:00,3648.84,3650.044,3648.54,3649.371
2025-09-12T02:55:00-04:00,3649.36,3650.98,3649.06,3650.49
2025-09-12T03:00:00-04:00,3650.47,3651.04,3649.325,3650.87
2025-09-12T03:05:00-04:00,3650.88,3653.09,3649.655,3652.571
2025-09-12T03:10:00-04:00,3652.47,3653.86,3651.815,3652.245
2025-09-12T03:15:00-04:00,3652.26,3653.13,3651.805,3652.595
2025-09-12T03:20:00-04:00,3652.53,3652.9,3650.525,3651.57
2025-09-12T03:25:00-04:00,3651.44,3652.66,3650.395,3652.551
2025-09-12T03:30:00-04:00,3652.435,3652.65,3648.595,3650.04
2025-09-12T03:35:00-04:00,3650.04,3651.15,3648.855,3648.94
2025-09-12T03:40:00-04:00,3649.111,3649.891,3647.775,3648.315
2025-09-12T03:45:00-04:00,3648.331,3649.71,3647.798,3649.56
2025-09-12T03:50:00-04:00,3649.48,3649.88,3648.255,3649.14
2025-09-12T03:55:00-04:00,3649.11,3649.78,3647.645,3648.304
2025-09-12T04:00:00-04:00,3648.28,3650.4,3647.675,3649.89
2025-09-12T04:05:00-04:00,3650.01,3651.32,3648.965,3649.59
2025-09-12T04:10:00-04:00,3649.56,3649.56,3642.805,3643.495
2025-09-12T04:15:00-04:00,3643.62,3645.93,3642.435,3644.051
2025-09-12T04:20:00-04:00,3644.2,3645.35,3642.915,3645.21
2025-09-12T04:25:00-04:00,3645.21,3646.02,3643.945,3645.04
2025-09-12T04:30:00-04:00,3644.97,3645.39,3643.435,3643.635
2025-09-12T04:35:00-04:00,3643.56,3645.2,3643.375,3643.81
2025-09-12T04:40:00-04:00,3643.81,3645.76,3643.048,3644.921
2025-09-12T04:45:00-04:00,3644.98,3646.17,3641.268,3641.62
2025-09-12T04:50:00-04:00,3641.644,3642.01,3639.71,3640.01
2025-09-12T04:55:00-04:00,3639.97,3641.54,3639.495,3641.05
2025-09-12T05:00:00-04:00,3641.04,3645.71,3639.475,3642.431
2025-09-12T05:05:00-04:00,3642.42,3642.98,3637.608,3639.74
2025-09-12T05:10:00-04:00,3639.72,3639.72,3637.375,3639.52
2025-09-12T05:15:00-04:00,3639.52,3644.66,3639.375,3644.29
2025-09-12T05:20:00-04:00,3643.82,3645.82,3642.895,3645.54
2025-09-12T05:25:00-04:00,3645.47,3646.48,3643.645,3646.31
2025-09-12T05:30:00-04:00,3646.02,3647.04,3644.68,3645.99
2025-09-12T05:35:00-04:00,3645.85,3646.36,3642.375,3643.24
2025-09-12T05:40:00-04:00,3643.13,3644.61,3642.375,3644.559
2025-09-12T05:45:00-04:00,3644.54,3645.16,3643.6,3643.93
2025-09-12T05:50:00-04:00,3643.82,3646.87,3643.82,3646.73
2025-09-12T05:55:00-04:00,3646.75,3647.05,3645.485,3646.455
2025-09-12T06:00:00-04:00,3646.215,3648.031,3646.035,3647.22
2025-09-12T06:05:00-04:00,3647.22,3648.24,3646.575,3646.798
2025-09-12T06:10:00-04:00,3647.071,3648.21,3646.465,3647.99
2025-09-12T06:15:00-04:00,3647.97,3649.99,3647.125,3649.72
2025-09-12T06:20:00-04:00,3649.671,3651.51,3649.545,3649.97
2025-09-12T06:25:00-04:00,3650.06,3651.26,3649.965,3650.78
2025-09-12T06:30:00-04:00,3650.67,3651.27,3649.795,3650.16
2025-09-12T06:35:00-04:00,3650.15,3651.33,3649.905,3650.16
2025-09-12T06:40:00-04:00,3650.08,3650.44,3649.2,3649.615
2025-09-12T06:45:00-04:00,3649.711,3650.36,3648.91,3649.91
2025-09-12T06:50:00-04:00,3649.91,3652.18,3649.505,3651.49
2025-09-12T06:55:00-04:00,3651.54,3651.66,3650.615,3651.08
2025-09-12T07:00:00-04:00,3651.13,3652,3649.78,3650.504
2025-09-12T07:05:00-04:00,3650.41,3650.898,3649.425,3650.655
2025-09-12T07:10:00-04:00,3650.61,3650.7,3648.975,3649.63
2025-09-12T07:15:00-04:00,3649.58,3651.315,3648.285,3649.94
2025-09-12T07:20:00-04:00,3649.94,3650.67,3649.165,3649.85
2025-09-12T07:25:00-04:00,3649.88,3649.94,3647.685,3648.18
2025-09-12T07:30:00-04:00,3648.18,3649.27,3647.265,3647.5
2025-09-12T07:35:00-04:00,3647.48,3649.03,3647.21,3647.71
2025-09-12T07:40:00-04:00,3647.77,3648.31,3646.945,3648.13
2025-09-12T07:45:00-04:00,3648.12,3649.12,3647.045,3647.53
2025-09-12T07:50:00-04:00,3647.59,3649.45,3647.315,3647.97
2025-09-12T07:55:00-04:00,3647.92,3648.16,3646.705,3646.855
2025-09-12T08:00:00-04:00,3646.99,3649.06,3644.785,3645.415
2025-09-12T08:05:00-04:00,3645.235,3646.22,3644.055,3645.54
2025-09-12T08:10:00-04:00,3645.48,3646.18,3643.955,3645.77
2025-09-12T08:15:00-04:00,3645.844,3647.32,3645.015,3646.55
2025-09-12T08:20:00-04:00,3646.52,3646.93,3642.185,3643.24
2025-09-12T08:25:00-04:00,3643.12,3643.38,3639.865,3642.7
2025-09-12T08:30:00-04:00,3642.46,3644.08,3638.095,3639.09
2025-09-12T08:35:00-04:00,3639.11,3641.31,3638.048,3638.455
2025-09-12T08:40:00-04:00,3638.48,3642.05,3638.198,3638.9
2025-09-12T08:45:00-04:00,3638.875,3642.98,3637.848,3642.604
2025-09-12T08:50:00-04:00,3642.325,3645.51,3641.008,3644.11
2025-09-12T08:55:00-04:00,3644.11,3645.95,3643.87,3645.17
2025-09-12T09:00:00-04:00,3645.17,3647.495,3643.085,3647.49
2025-09-12T09:05:00-04:00,3647.385,3649.27,3647.07,3648.42
2025-09-12T09:10:00-04:00,3648.32,3650.2,3647.74,3649.38
2025-09-12T09:15:00-04:00,3649.19,3650.6,3647.49,3649.52
2025-09-12T09:20:00-04:00,3649.531,3650.41,3648.33,3649.445
2025-09-12T09:25:00-04:00,3649.36,3650.26,3648.365,3648.79
2025-09-12T09:30:00-04:00,3648.79,3651.38,3646.455,3650.22
2025-09-12T09:35:00-04:00,3650.324,3650.71,3646.908,3650.01
2025-09-12T09:40:00-04:00,3650.021,3652.67,3649.115,3651.04
2025-09-12T09:45:00-04:00,3651.04,3652.33,3646.278,3649.96
2025-09-12T09:50:00-04:00,3649.748,3652.49,3649.145,3651.831
2025-09-12T09:55:00-04:00,3651.81,3652.44,3649.515,3650.44
2025-09-12T10:00:00-04:00,3650.005,3653.21,3649.675,3652.415
2025-09-12T10:05:00-04:00,3652.54,3653.37,3649.175,3651.104
2025-09-12T10:10:00-04:00,3651.19,3653.124,3650.645,3652.16
2025-09-12T10:15:00-04:00,3651.94,3654.06,3651.275,3653.31
2025-09-12T10:20:00-04:00,3653.205,3654.22,3652.555,3653.821
2025-09-12T10:25:00-04:00,3653.79,3654.31,3651.975,3652.455
2025-09-12T10:30:00-04:00,3652.72,3653.66,3651.175,3651.96
2025-09-12T10:35:00-04:00,3651.758,3652,3648.335,3649.925
2025-09-12T10:40:00-04:00,3650.175,3650.76,3648.695,3649.79
2025-09-12T10:45:00-04:00,3649.505,3650.14,3647.125,3649.13
2025-09-12T10:50:00-04:00,3649.01,3650.1,3647.805,3648.771
2025-09-12T10:55:00-04:00,3648.77,3649.7,3647.385,3647.97
2025-09-12T11:00:00-04:00,3647.898,3648.31,3646.495,3647.53
2025-09-12T11:05:00-04:00,3647.53,3647.66,3644.525,3645.375
2025-09-12T11:10:00-04:00,3645.58,3646.18,3641.525,3644
2025-09-12T11:15:00-04:00,3644,3645.87,3643.528,3643.99
2025-09-12T11:20:00-04:00,3644,3644.61,3642.378,3643.49
2025-09-12T11:25:00-04:00,3643.58,3644.73,3642.058,3644.53
2025-09-12T11:30:00-04:00,3644.41,3646.97,3644.098,3646.26
2025-09-12T11:35:00-04:00,3646.67,3647.144,3645.235,3645.63
2025-09-12T11:40:00-04:00,3645.6,3647.55,3645.365,3646.83
2025-09-12T11:45:00-04:00,3646.83,3647.27,3644.615,3645.771
2025-09-12T11:50:00-04:00,3645.76,3647.01,3645.485,3646.16
2025-09-12T11:55:00-04:00,3646.18,3646.62,3643.225,3644.44
2025-09-12T12:00:00-04:00,3644.39,3645.59,3643.865,3643.97
2025-09-12T12:05:00-04:00,3644.02,3644.9,3642.395,3642.655
2025-09-12T12:10:00-04:00,3643.28,3644.17,3642.548,3643.57
2025-09-12T12:15:00-04:00,3643.57,3644.92,3643.265,3643.92
2025-09-12T12:20:00-04:00,3643.92,3646.78,3643.685,3646.08
2025-09-12T12:25:00-04:00,3646.07,3647.38,3645.795,3646.66
2025-09-12T12:30:00-04:00,3646.65,3647.444,3646.284,3647.09
2025-09-12T12:35:00-04:00,3647.12,3647.49,3645.59,3646.37
2025-09-12T12:40:00-04:00,3646.42,3647.34,3646.31,3647.07
2025-09-12T12:45:00-04:00,3647.16,3648.284,3647.07,3648.15
2025-09-12T12:50:00-04:00,3647.89,3648.871,3647.53,3648.684
2025-09-12T12:55:00-04:00,3648.68,3649.63,3648.38,3649.12
2025-09-12T13:00:00-04:00,3648.8,3649.835,3648.71,3649.51
2025-09-12T13:05:00-04:00,3649.51,3649.784,3647.95,3649.36
2025-09-12T13:10:00-04:00,3649.275,3650.3,3649.06,3649.87
2025-09-12T13:15:00-04:00,3649.94,3650.413,3649.11,3650.16
2025-09-12T13:20:00-04:00,3650.08,3650.644,3649.03,3649.464
2025-09-12T13:25:00-04:00,3649.45,3649.944,3647.06,3647.795
2025-09-12T13:30:00-04:00,3647.84,3650.42,3647.09,3649.84
2025-09-12T13:35:00-04:00,3649.31,3650.6,3648.625,3649.12
2025-09-12T13:40:00-04:00,3649.12,3649.83,3648.855,3649.404
2025-09-12T13:45:00-04:00,3649.35,3649.96,3648.475,3649.464
2025-09-12T13:50:00-04:00,3649.91,3650.52,3648.845,3649.09
2025-09-12T13:55:00-04:00,3649.07,3649.8,3648.405,3649.17
2025-09-12T14:00:00-04:00,3648.66,3649.31,3647.525,3648.44
2025-09-12T14:05:00-04:00,3648.53,3649.27,3646.845,3647.615
2025-09-12T14:10:00-04:00,3647.63,3648.53,3647.28,3648.43
2025-09-12T14:15:00-04:00,3648.43,3648.98,3647.785,3648.18
2025-09-12T14:20:00-04:00,3648.17,3649.45,3647.715,3649.11
2025-09-12T14:25:00-04:00,3648.6,3649.24,3647.395,3647.939
2025-09-12T14:30:00-04:00,3647.86,3648.71,3647.445,3648.075
2025-09-12T14:35:00-04:00,3648.14,3649.08,3647.795,3648.22
2025-09-12T14:40:00-04:00,3648.235,3649.84,3647.945,3649.15
2025-09-12T14:45:00-04:00,3648.875,3649.47,3648.145,3648.364
2025-09-12T14:50:00-04:00,3648.185,3649.29,3648.135,3648.37
2025-09-12T14:55:00-04:00,3648.37,3649.13,3648.165,3648.69
2025-09-12T15:00:00-04:00,3648.38,3648.81,3647.285,3647.615
2025-09-12T15:05:00-04:00,3647.57,3648.13,3646.645,3646.75
2025-09-12T15:10:00-04:00,3646.75,3647.97,3646.585,3647.13
2025-09-12T15:15:00-04:00,3647.06,3647.88,3646.455,3647.17
2025-09-12T15:20:00-04:00,3646.79,3647.49,3646.095,3647.03
2025-09-12T15:25:00-04:00,3646.631,3647.18,3645.735,3645.995
2025-09-12T15:30:00-04:00,3645.94,3646.96,3645.425,3646.02
2025-09-12T15:35:00-04:00,3645.56,3646.09,3644.555,3644.94
2025-09-12T15:40:00-04:00,3644.96,3646.23,3644.555,3645.74
2025-09-12T15:45:00-04:00,3645.74,3647.17,3645.335,3646.5
2025-09-12T15:50:00-04:00,3646.6,3647.01,3644.985,3645.644
2025-09-12T15:55:00-04:00,3645.62,3646.51,3643.398,3644.06
2025-09-12T16:00:00-04:00,3644.11,3645.73,3643.995,3644.28
2025-09-12T16:05:00-04:00,3644.3,3644.74,3642.335,3642.85
2025-09-12T16:10:00-04:00,3642.85,3643.3,3641.525,3641.895
2025-09-12T16:15:00-04:00,3642.14,3643.47,3641.585,3641.86
2025-09-12T16:20:00-04:00,3641.605,3642.464,3641.515,3641.78
2025-09-12T16:25:00-04:00,3641.85,3642.94,3641.595,3642.795
2025-09-12T16:30:00-04:00,3642.69,3642.962,3641.585,3642.19
2025-09-12T16:35:00-04:00,3642.18,3642.295,3641.135,3641.47
2025-09-12T16:40:00-04:00,3641.34,3642.22,3640.775,3642.09
2025-09-12T16:45:00-04:00,3642.184,3642.791,3641.385,3642.63
2025-09-12T16:50:00-04:00,3642.7,3643.72,3641.985,3643.24
2025-09-12T16:55:00-04:00,3643.22,3643.86,3641.23,3642.635
2025-09-14T18:00:00-04:00,3642.814,3646.51,3642.765,3644.62
2025-09-14T18:05:00-04:00,3644.475,3645.98,3643.885,3644.46
2025-09-14T18:10:00-04:00,3644.69,3644.69,3643.238,3643.81
2025-09-14T18:15:00-04:00,3643.81,3644.18,3642.605,3643.004
2025-09-14T18:20:00-04:00,3643.015,3643.04,3639.32,3641.085
2025-09-14T18:25:00-04:00,3641.46,3642.49,3640.65,3642.45
2025-09-14T18:30:00-04:00,3642.45,3642.72,3640.78,3641.89
2025-09-14T18:35:00-04:00,3641.891,3642.34,3640.77,3641.75
2025-09-14T18:40:00-04:00,3642.25,3642.45,3640.93,3641.47
2025-09-14T18:45:00-04:00,3641.45,3641.98,3640.76,3641.39
2025-09-14T18:50:00-04:00,3641.421,3641.62,3639.815,3641.4
2025-09-14T18:55:00-04:00,3641.325,3642.36,3641.23,3642.151
2025-09-14T19:00:00-04:00,3642.151,3642.25,3639.458,3639.635
2025-09-14T19:05:00-04:00,3639.86,3640.56,3638.748,3639.595
2025-09-14T19:10:00-04:00,3639.791,3640.03,3639.025,3639.74
2025-09-14T19:15:00-04:00,3639.74,3640.13,3638.798,3639.02
2025-09-14T19:20:00-04:00,3638.991,3639.74,3637.435,3637.96
2025-09-14T19:25:00-04:00,3637.96,3639.92,3637.945,3639.045
2025-09-14T19:30:00-04:00,3638.98,3639.54,3636.885,3637.37
2025-09-14T19:35:00-04:00,3637.37,3638.57,3636.62,3637.804
2025-09-14T19:40:00-04:00,3637.76,3638.2,3637.15,3637.55
2025-09-14T19:45:00-04:00,3637.68,3638.05,3637.07,3637.69
2025-09-14T19:50:00-04:00,3637.69,3638.1,3637.075,3637.5
2025-09-14T19:55:00-04:00,3637.5,3638.62,3637.405,3638.37
2025-09-14T20:00:00-04:00,3638.08,3639.48,3634.555,3635.971
2025-09-14T20:05:00-04:00,3635.97,3638.83,3635.745,3638.66
2025-09-14T20:10:00-04:00,3638.32,3641.92,3638.295,3641.231
2025-09-14T20:15:00-04:00,3641.15,3642.77,3640.998,3642.21
2025-09-14T20:20:00-04:00,3642.211,3642.68,3640.49,3641.5
2025-09-14T20:25:00-04:00,3641.74,3641.91,3638.898,3639.56
2025-09-14T20:30:00-04:00,3639.34,3639.54,3634.675,3635.85
2025-09-14T20:35:00-04:00,3635.884,3637.02,3633.225,3633.71
2025-09-14T20:40:00-04:00,3634.25,3635.3,3633.335,3634.3
2025-09-14T20:45:00-04:00,3634.09,3635.33,3632.42,3633.28
2025-09-14T20:50:00-04:00,3633.68,3633.89,3631.745,3632.04
2025-09-14T20:55:00-04:00,3632.5,3634.4,3631.725,3633.27
2025-09-14T21:00:00-04:00,3633.371,3634.29,3628.435,3630.81
2025-09-14T21:05:00-04:00,3630.85,3631.72,3627.98,3630.32
2025-09-14T21:10:00-04:00,3630.41,3631.65,3626.148,3628.584
2025-09-14T21:15:00-04:00,3628.65,3631.11,3626.415,3630.65
2025-09-14T21:20:00-04:00,3630.65,3630.99,3626.835,3628.425
2025-09-14T21:25:00-04:00,3628.42,3632.73,3628.175,3631.535
2025-09-14T21:30:00-04:00,3631.555,3632.8,3630.365,3630.61
2025-09-14T21:35:00-04:00,3630.97,3633.15,3628.398,3631.655
2025-09-14T21:40:00-04:00,3631.75,3633.13,3631.035,3631.25
2025-09-14T21:45:00-04:00,3631.13,3633.2,3629.725,3632.851
2025-09-14T21:50:00-04:00,3632.9,3634.8,3632.425,3633.93
2025-09-14T21:55:00-04:00,3634.33,3635.14,3633.585,3634.275
2025-09-14T22:00:00-04:00,3634.41,3636.65,3634.145,3636.05
2025-09-14T22:05:00-04:00,3636.21,3640.2,3635.77,3639.38
2025-09-14T22:10:00-04:00,3639.66,3641.03,3638.39,3640.6
2025-09-14T22:15:00-04:00,3640.585,3643.52,3640.46,3643.09
2025-09-14T22:20:00-04:00,3643.064,3644.26,3641.575,3644
2025-09-14T22:25:00-04:00,3643.65,3645.16,3642.805,3642.955
2025-09-14T22:30:00-04:00,3642.99,3645.02,3641.665,3644.24
2025-09-14T22:35:00-04:00,3644.175,3645.38,3643.585,3643.764
2025-09-14T22:40:00-04:00,3643.69,3645.66,3643.48,3644.7
2025-09-14T22:45:00-04:00,3644.7,3645.12,3642.005,3642.67
2025-09-14T22:50:00-04:00,3642.671,3643.49,3641.035,3641.56
2025-09-14T22:55:00-04:00,3642.05,3642.41,3639.645,3640.96
2025-09-14T23:00:00-04:00,3640.83,3641.62,3640.025,3640.98
2025-09-14T23:05:00-04:00,3640.97,3642.78,3640.648,3641.83
2025-09-14T23:10:00-04:00,3641.87,3643.63,3641.398,3643.04
2025-09-14T23:15:00-04:00,3643.04,3643.33,3641.095,3641.66
2025-09-14T23:20:00-04:00,3641.93,3641.93,3640.845,3641.53
2025-09-14T23:25:00-04:00,3641.63,3644.24,3641.375,3643.86
2025-09-14T23:30:00-04:00,3643.86,3645.66,3643.305,3645.35
2025-09-14T23:35:00-04:00,3645.36,3645.81,3643.085,3643.57
2025-09-14T23:40:00-04:00,3643.51,3645.12,3643.315,3644.744
2025-09-14T23:45:00-04:00,3644.8,3645.77,3644.495,3645.46
2025-09-14T23:50:00-04:00,3645.46,3646.5,3645.285,3646.12
2025-09-14T23:55:00-04:00,3646.17,3646.47,3645.598,3646.07
2025-09-15T00:00:00-04:00,3645.94,3646.64,3645.075,3646.08
2025-09-15T00:05:00-04:00,3646.035,3646.81,3645.87,3646.57
2025-09-15T00:10:00-04:00,3646.57,3646.81,3645.155,3645.81
2025-09-15T00:15:00-04:00,3646.03,3646.13,3645.255,3645.8
2025-09-15T00:20:00-04:00,3645.78,3646.56,3644.135,3645.184
2025-09-15T00:25:00-04:00,3645.15,3645.41,3644.335,3644.99
2025-09-15T00:30:00-04:00,3645.11,3645.3,3644.165,3644.604
2025-09-15T00:35:00-04:00,3644.57,3644.72,3644.015,3644.41
2025-09-15T00:40:00-04:00,3644.41,3644.95,3643.925,3644.38
2025-09-15T00:45:00-04:00,3644.3,3644.68,3643.675,3644.36
2025-09-15T00:50:00-04:00,3644.2,3645.33,3643.67,3643.964
2025-09-15T00:55:00-04:00,3644.04,3645.65,3643.43,3645.65
2025-09-15T01:00:00-04:00,3645.62,3645.82,3644.075,3644.49
2025-09-15T01:05:00-04:00,3644.364,3645.06,3643.645,3643.87
2025-09-15T01:10:00-04:00,3643.91,3644.06,3642.295,3642.84
2025-09-15T01:15:00-04:00,3642.85,3644.5,3641.975,3644.35
2025-09-15T01:20:00-04:00,3644.39,3645.79,3644.05,3645.46
2025-09-15T01:25:00-04:00,3645.52,3645.74,3644.6,3645.32
2025-09-15T01:30:00-04:00,3645.184,3646.19,3643.315,3645.124
2025-09-15T01:35:00-04:00,3645.12,3645.58,3643.145,3643.42
2025-09-15T01:40:00-04:00,3643.535,3644.2,3643.045,3643.93
2025-09-15T01:45:00-04:00,3643.94,3644.85,3643.385,3644.24
2025-09-15T01:50:00-04:00,3644.221,3644.77,3643.635,3644.451
2025-09-15T01:55:00-04:00,3644.37,3644.63,3643.055,3643.59
2025-09-15T02:00:00-04:00,3643.555,3643.94,3641.925,3642.05
2025-09-15T02:05:00-04:00,3642.144,3643.59,3641.548,3642.84
2025-09-15T02:10:00-04:00,3642.84,3643.81,3642.16,3642.44
2025-09-15T02:15:00-04:00,3642.36,3642.74,3639.998,3641.79
2025-09-15T02:20:00-04:00,3641.81,3643.73,3641.755,3643.45
2025-09-15T02:25:00-04:00,3643.21,3644.03,3641.005,3641.96
2025-09-15T02:30:00-04:00,3641.855,3643.755,3640.348,3642.371
2025-09-15T02:35:00-04:00,3642.29,3643.33,3641.39,3642.21
2025-09-15T02:40:00-04:00,3641.99,3642.22,3638.56,3639.53
2025-09-15T02:45:00-04:00,3639.29,3640.92,3638.285,3638.47
2025-09-15T02:50:00-04:00,3638.7,3639.63,3637.598,3637.891
2025-09-15T02:55:00-04:00,3637.72,3638.43,3636.348,3636.348
2025-09-15T03:00:00-04:00,3636.65,3636.85,3633.675,3635.611
2025-09-15T03:05:00-04:00,3635.6,3637.47,3635.235,3636.93
2025-09-15T03:10:00-04:00,3636.875,3637.85,3634.738,3636.06
2025-09-15T03:15:00-04:00,3636.06,3636.53,3634.248,3634.78
2025-09-15T03:20:00-04:00,3634.671,3635.46,3633.469,3635.034
2025-09-15T03:25:00-04:00,3635.024,3636.4,3634.07,3636.38
2025-09-15T03:30:00-04:00,3636.27,3639.77,3635.965,3639.41
2025-09-15T03:35:00-04:00,3639.305,3641.67,3639.235,3640.805
2025-09-15T03:40:00-04:00,3640.931,3642.14,3639.858,3641.12
2025-09-15T03:45:00-04:00,3641.16,3642.08,3639.465,3640.875
2025-09-15T03:50:00-04:00,3640.904,3643.96,3640.555,3643.31
